-- phpMyAdmin SQL Dump
-- version 5.2.1
-- https://www.phpmyadmin.net/
--
-- Host: localhost:3306
-- Waktu pembuatan: 14 Agu 2024 pada 22.09
-- Versi server: 10.6.19-MariaDB
-- Versi PHP: 8.3.8

SET SQL_MODE = "NO_AUTO_VALUE_ON_ZERO";
START TRANSACTION;
SET time_zone = "+00:00";


/*!40101 SET @OLD_CHARACTER_SET_CLIENT=@@CHARACTER_SET_CLIENT */;
/*!40101 SET @OLD_CHARACTER_SET_RESULTS=@@CHARACTER_SET_RESULTS */;
/*!40101 SET @OLD_COLLATION_CONNECTION=@@COLLATION_CONNECTION */;
/*!40101 SET NAMES utf8mb4 */;

--
-- Database: `giafauza_ppid`
--

--
-- Dumping data untuk tabel `akses_cepats`
--

INSERT INTO `akses_cepats` (`id`, `nama`, `type`, `url`, `page_id`, `created_at`, `updated_at`) VALUES
('9cbd9d47-6bec-408a-9421-ad9638071069', 'Website Baznas Jabar', 'url', 'https://baznasjabar.org/', NULL, '2024-08-11 06:13:34', '2024-08-13 19:35:30'),
('9cbd9d67-5d00-4138-81a5-f778d5ab032e', 'Layanan Pembayaran zakat', 'url', 'https://baznasjabar.org/zakat', NULL, '2024-08-11 06:13:55', '2024-08-13 19:39:17'),
('9cbd9d88-05ee-441d-a65b-26d2cb802783', 'Layanan Infak', 'url', 'https://baznasjabar.org/infak', NULL, '2024-08-11 06:14:16', '2024-08-13 19:40:44');

--
-- Dumping data untuk tabel `berita`
--

INSERT INTO `berita` (`id`, `title`, `content`, `image`, `slug`, `posting_at`, `created_at`, `updated_at`) VALUES
('9cbd9e2f-d565-44a3-aa91-690b1ebefc40', 'Dugaan Penyelewengan Dana Zakat Fisabilillah Baznas Jabar Tidak Terbukti', '<p style=\"margin-left:0px;text-align:justify;\"><span style=\"color:rgb(77,77,77)!important;font-family:Heebo, sans-serif !important;font-size:1rem;\">BANDUNG - Tuduhan penyelewengan dana zakat fisabilillah sebesar Rp9,8 miliar oleh Badan Amil Zakat Nasional (Baznas) Provinsi Jawa Barat ternyata tidak berdasar. Hasil audit menyeluruh dari Inspektorat Provinsi Jawa Barat dan Inspektorat Jenderal Kementerian Agama Republik Indonesia (RI) membuktikan bahwa penggunaan dana tersebut sepenuhnya sesuai dengan syariat dan aturan yang berlaku. Lebih dari itu, laporan keuangan Baznas Jabar untuk tahun 2021, 2022, dan 2023 mendapat opini Wajar Tanpa Pengecualian (WTP) dari Kantor Akuntan Publik (KAP) independen.</span></p><p style=\"margin-left:0px;text-align:justify;\">Klarifikasi ini disampaikan oleh Wakil Ketua Komisi V DPRD Jawa Barat, Abdul Hadi Wijaya, dalam audiensi bersama Badan Koordinasi (Badko) Himpunan Mahasiswa Islam (HMI) Jawa Barat, yang sebelumnya melontarkan tuduhan tersebut. Dalam pertemuan yang juga dihadiri perwakilan Baznas Jabar, Biro Kesejahteraan Rakyat (Kesra) Setda Provinsi Jawa Barat, Inspektorat Jabar, dan Badan Pengelola Keuangan dan Aset Daerah (BPKAD) Jabar, Abdul Hadi menegaskan bahwa tuduhan ini telah dibantah oleh hasil audit yang kredibel.</p><p style=\"margin-left:0px;text-align:justify;\">\"Audit dari dua lembaga berbeda telah membuktikan bahwa pengelolaan dana zakat fisabilillah oleh Baznas Jabar sesuai dengan syariat. Dengan demikian, tuduhan penyelewengan yang dilontarkan Badko HMI Jabar tidak benar dan tidak berdasar,\" tegas Abdul Hadi.</p><p style=\"margin-left:0px;text-align:justify;\">Wakil Ketua IV Baznas Provinsi Jawa Barat, Achmad Faisal, memperkuat pernyataan tersebut dengan menegaskan bahwa penggunaan dana zakat fisabilillah ini telah sesuai dengan Fatwa MUI No. 8 Tahun 2011 dan Perbaznas No. 1 Tahun 2016. Faisal juga membeberkan hasil audit syariah oleh Inspektorat Jenderal Kemenag RI pada Juni 2024, yang mencatat nilai kepatuhan syariah sebesar 86,73 dan transparansi 87,50, mengindikasikan bahwa Baznas Jabar beroperasi dengan standar tinggi dalam hal kepatuhan dan transparansi.</p><p style=\"margin-left:0px;text-align:justify;\">\"Auditor Kemenag RI merekomendasikan penggunaan dana fisabilillah untuk operasional dengan batas maksimum 12,5%, yang telah kami patuhi. Penggunaan dana tersebut telah mendapatkan persetujuan Baznas RI, sehingga tidak ada pelanggaran syariat maupun hukum,\" ujar Faisal.</p><p style=\"margin-left:0px;text-align:justify;\">Sedangkan menurut perbaznas&nbsp; no 1 tahun 2016, Dalam hal penerimaan hak amil dari dana zakat tidak mencukupi, biaya operasional dapat menggunakan ashnaf fii sabiilillaah. Penggunaan dana ashnaf fii sabiilillaah untuk dukungan operasional harus mendapatkan persetujuan dari BAZNAS Republik Indonesia.</p><p style=\"margin-left:0px;text-align:justify;\">Dengan bukti audit yang kuat dan sesuai dengan ketentuan yang berlaku, dugaan penyelewengan dana fisabilillah oleh Baznas Jabar dinyatakan tidak terbukti. Hasil audit syariah dari Kemenag RI menjadi bukti tak terbantahkan bahwa pengelolaan dana ini telah berjalan sesuai dengan prosedur yang benar.</p>', '/storage/informasi/1723606937.jpg', 'Dugaan', '2024-08-11 06:15:00', '2024-08-11 06:16:06', '2024-08-13 21:06:12'),
('9cc2e1b3-72fc-48a5-bd44-425a368ef0c8', 'BAZNAS Provinsi Jawa Barat Raih Predikat Informatif dalam Anugerah E-Monev Keterbukaan Informasi Publik 01 Dec 2023', '<p style=\"margin-left:0px;text-align:justify;\"><span style=\"color:rgb(77,77,77)!important;font-family:Heebo, sans-serif !important;font-size:1rem;\">BAZNAS Provinsi Jawa Barat berhasil meraih Predikat <strong>INFORMATIF</strong> Kategori Instansi Vertikal dalam&nbsp; e-monev keterbukaan informasi publik pada Badan Publlik Tingkat Jawa Barat Tahun 2023 yang diadakan oleh Komisi Informasi Provinsi Jawa Barat. Penghargaan ini diberikan sebagai bentuk pengakuan terhadap upaya BAZNAS Provinsi Jawa Barat dalam memastikan transparansi dan keterbukaan informasi kepada publik.&nbsp;</span></p><p style=\"margin-left:0px;text-align:justify;\">Acara penganugerahan yang diselenggarakan di Gedung Sate tersebut menyoroti pencapaian instansi-instansi di Provinsi Jawa Barat yang didapatkan berdasarkan monitoring dan evaluasi penerapan keterbukaan informasi publik. BAZNAS Jabar menjadi salah satu dari 8 instansi vertikal yang dinyatakan informatif. Penganugerahan ini diterima langsung oleh Pimpinan BAZNAS Jawa Barat, Achmad Faisal (Wakil Ketua IV).</p><p style=\"margin-left:0px;text-align:justify;\">Keterbukaan informasi publik merupakan hal yang essensial dan menjadi salah satu indikator transparansi badan publik kepada masyarakat. BAZNAS Provinsi Jawa Barat sebagai lembaga pengelola dana zakat, infak, dan sedekah (ZIS) terus berupaya untuk meningkatkan kepercayaan dan akuntabililtas terhadap pengelolalan dana ZIS.&nbsp; Achmad Faisal mengatakan jika penganugerahan ini merupakan bentuk pertanggungjawaban atas pelaksanaan keterbukaan informasi publik.&nbsp;</p><p style=\"margin-left:0px;text-align:justify;\">Penganugerahan ini juga akan menjadi motivasi bagi BAZNAS Jabar untuk terus meningkatkan penyajian informasi yang mudah di akses oleh masyarakat, para donatur, dan pihak-pihak terkait.&nbsp; Achmad Faisal juga mengungkapkan terima kasih kepada Komisi Informasi Provinsi Jawa Barat atas dukungan dan bimbingan yang terus diberikan.</p>', '/storage/informasi/1723608242.jpg', 'BAZNAS Provinsi Jawa Barat berhasil meraih Predikat INFORMATIF Kategori Instansi Vertikal dalam  e-monev keterbukaan informasi publik pada Badan Publlik Tingkat Jawa Barat Tahun 2023 yang diadakan oleh Komisi Informasi Provinsi Jawa Barat.', '2024-08-13 21:02:00', '2024-08-13 21:04:02', '2024-08-13 21:07:47');

--
-- Dumping data untuk tabel `cache`
--

INSERT INTO `cache` (`key`, `value`, `expiration`) VALUES
('ppid@baznasjabar.org|180.244.128.185', 'i:1;', 1723567262),
('ppid@baznasjabar.org|180.244.128.185:timer', 'i:1723567262;', 1723567262);

--
-- Dumping data untuk tabel `category_page`
--

INSERT INTO `category_page` (`id`, `nama`, `keterangan`, `created_at`, `updated_at`) VALUES
('9cbda634-c30b-45d1-aae7-efc33505f04c', 'General', '-', '2024-08-11 06:38:32', '2024-08-11 06:38:32'),
('9cbef229-1bf9-41cb-b583-02a53334726a', 'Regulasi', '-', '2024-08-11 22:06:45', '2024-08-11 22:06:45'),
('9cc1f54c-c0fc-4d15-a644-323482b638df', 'Layanan Informasi', '-', '2024-08-13 10:03:00', '2024-08-13 10:03:00'),
('9cc2c9b1-bbfe-41ec-b261-e56dee0d81ee', 'Informasi Berkala', '-', '2024-08-13 19:56:54', '2024-08-13 19:56:54'),
('9cc2f250-8c83-489b-915c-fa53d66df8f4', 'Informasi Serta Merta', '-', '2024-08-13 21:50:29', '2024-08-13 21:50:29');

--
-- Dumping data untuk tabel `custom_page`
--

INSERT INTO `custom_page` (`id`, `category_page_id`, `title`, `sub_title`, `content`, `type_pages`, `file_url`, `additional_content`, `created_at`, `updated_at`) VALUES
('9cbda6bb-b5ee-4be5-bcea-287fd3f5b6b7', '9cc1f54c-c0fc-4d15-a644-323482b638df', 'Persyaratan Rekomendasi Izin Pembentukan dan Perpanjangan LAZ', '-', '<figure class=\"image\"><img style=\"aspect-ratio:1174/835;\" src=\"/storage/uploads/8a05062b-2ce1-4865-bd4e-2ed0f22131f8.png\" width=\"1174\" height=\"835\"></figure>', 'list-content', NULL, NULL, '2024-08-11 06:40:00', '2024-08-13 22:46:59'),
('9cbda98c-36a4-4842-9b20-26a192ea0e95', '9cc1f54c-c0fc-4d15-a644-323482b638df', 'Maklumat Pelayanan', '-', '<p style=\"text-align:center;\"><span style=\"color:hsl(118,85%,23%);font-size:20px;\"><strong>Maklumat Pelayanan Informasi Publik</strong></span></p><figure class=\"image\"><img style=\"aspect-ratio:759/1024;\" src=\"https://ppid.baznasjabar.org/wp-content/uploads/2024/08/PPID-BAZNAS-Jabar-wk-4-1-1138x1536-1-759x1024.jpg\" width=\"759\" height=\"1024\"></figure>', 'single-content', NULL, NULL, '2024-08-11 06:47:52', '2024-08-13 22:46:20'),
('9cbdaa39-8962-487e-8eab-a679a0b1fda1', '9cc1f54c-c0fc-4d15-a644-323482b638df', 'Waktu dan Biaya Layanan', '-', '<figure class=\"image image-style-align-left\"><img style=\"aspect-ratio:485/677;\" src=\"/storage/uploads/68bb6c6d-c46a-4da5-b7d5-cd4e81324d40.png\" width=\"485\" height=\"677\"></figure><p style=\"margin-left:0px;\"><span style=\"font-size:24pt;\"><strong>Waktu Layanan PPID BAZNAS</strong></span></p><p style=\"margin-left:0px;\">Waktu Operasional</p><ul style=\"list-style-type:square;\"><li><p style=\"margin-left:0pt;\">Hari &nbsp; : Senin s.d Jum\'at</p></li><li><p style=\"margin-left:0pt;\">Pukul : 09.00 s.d 16.00 WIB</p></li></ul><p style=\"margin-left:0pt;\">Waktu Istirahat</p><ul style=\"list-style-type:square;\"><li><p style=\"margin-left:0pt;\">Senin s.d Kamis : 12.00 s.d 13.00 WIB</p></li><li><p style=\"margin-left:0pt;\">Jum\'at&nbsp; &nbsp; &nbsp; &nbsp; &nbsp; &nbsp; &nbsp; &nbsp; &nbsp; : 11.30 s.d 13.00 WIB</p></li></ul><p style=\"margin-left:0px;\">&nbsp;</p><p style=\"margin-left:0px;\"><span style=\"font-size:24pt;\"><strong>Biaya Layanan PPID BAZNAS</strong></span></p><p style=\"margin-left:0pt;\">Seluruh layanan informasi PPID BAZNAS RI gratis atau tidak dipungut biaya.</p>', 'single-content', NULL, NULL, '2024-08-11 06:49:46', '2024-08-13 22:46:05'),
('9cbdadd5-6a0c-4ded-8c89-0506ea38800e', '9cc1f54c-c0fc-4d15-a644-323482b638df', 'PPID BAZNAS JABAR Ramah Disabilitas', '-', '<figure class=\"image image-style-align-left\"><img style=\"aspect-ratio:477/487;\" src=\"/storage/uploads/9a7f40b1-a18a-482c-a543-32483a298aee.png\" width=\"477\" height=\"487\"></figure><p style=\"margin-left:0px;\">PPID BAZNAS RI berkomitmen untuk membantu masyarakat dari seluruh kalangan. PPID BAZNAS RI menyediakan fasilitas untuk teman-teman disabilitas sebagai berikut:</p><ol style=\"list-style-type:decimal;\"><li><p style=\"margin-left:0pt;\">Website PPID BAZNAS yang ramah disabilitas untuk teman-teman tuna netra. Hal ini sudah dilakukan tes oleh amil BAZNAS yang memiliki keterbatasan (tuna netra). Untuk hasil tes dapat dilihat <a target=\"_blank\" rel=\"noopener noreferrer\" href=\"https://drive.google.com/drive/folders/1GsDmX2LmxzTJVz9THEH-R_0lGR41UqUO?usp=sharing\"><span style=\"color:inherit;\"><u>disini</u></span></a>;</p></li><li><p style=\"margin-left:0pt;\">Alat Bantu Dengar untuk Teman Tuna Rungu;</p></li><li><p style=\"margin-left:0pt;\">Guding Block untuk Teman Tuna Netra;</p></li><li><p style=\"margin-left:0pt;\">Kursi Roda dan Akses Jalan Khusus untuk Tuna Daksa; dan</p></li><li><p style=\"margin-left:0pt;\">Sign Komunikasi non verbal.</p></li></ol>', 'list-file-or-image', NULL, NULL, '2024-08-11 06:59:51', '2024-08-13 22:45:47'),
('9cc2c6ef-2297-4808-84f3-870afdf72ebe', '9cc2c9b1-bbfe-41ec-b261-e56dee0d81ee', 'Database Alamat BAZNAS Jawa Barat', '-', '<div class=\"raw-html-embed\"><iframe src=\"https://docs.google.com/spreadsheets/d/1uLAbSUQbUgo-u7uSpW9Bymz5DOz5Ghy33TvttfgSZHY/edit?gid=745891434#gid=745891434\" width=\"100%\" height=\"600\" frameborder=\"0\" scrolling=\"no\"></iframe></div>', 'single-content', NULL, NULL, '2024-08-13 19:49:11', '2024-08-13 19:57:07'),
('9cc2cd21-38cd-47cc-a31b-e42f8ba2de1d', '9cc2c9b1-bbfe-41ec-b261-e56dee0d81ee', 'Laz Kabupaten / Kota', '-', '<p style=\"margin-left:0px;\"><span style=\"color:rgb(39,78,19);font-family:Arial;font-size:14pt;\"><strong>Lembaga Amil Zakat Skala Kabupaten/Kota yang telah berizin berdasarkan data Kementerian Agama</strong></span></p><div class=\"raw-html-embed\"><iframe src=\"https://docs.google.com/spreadsheets/d/1uAX4gKhDSMGGMy-yXxBcr4ksf0X5fDz2RrEOOA2LqUk/edit?gid=1408452118#gid=1408452118\" width=\"100%\" height=\"600\" frameborder=\"0\" scrolling=\"no\"></iframe></div>', 'single-content', NULL, NULL, '2024-08-13 20:06:30', '2024-08-13 20:08:52'),
('9cc2f2d5-3eb4-4b2a-9f35-e6927e005f41', '9cc2f250-8c83-489b-915c-fa53d66df8f4', 'Situation Report Banjir Bandang Sumedang', '-', '<p>-</p>', 'single-file-or-image', '/storage/custom-page/1723611116.pdf', NULL, '2024-08-13 21:51:56', '2024-08-13 21:52:10'),
('9cc2f3de-f8a9-4711-9256-70f54faf18fa', '9cc2f250-8c83-489b-915c-fa53d66df8f4', 'Situation Report Banjir Bandang Sumedang #2', '-', '<p>-</p>', 'single-file-or-image', '/storage/custom-page/1723611290.pdf', NULL, '2024-08-13 21:54:50', '2024-08-13 21:55:00'),
('9cc307e3-5a8a-45e1-a166-599e30b6c482', '9cbef229-1bf9-41cb-b583-02a53334726a', 'Regulasi Layanan Informasi Publik', 'regulasi layanan', '<figure class=\"image image_resized\" style=\"width:32.25%;\"><img style=\"aspect-ratio:731/572;\" src=\"http://127.0.0.1:8000/image/icon.png\" alt=\"Laravel\" width=\"731\" height=\"572\"></figure><p>Kebijakan layanan informasi publik di lingkungan BAZNAS Provinsi Jawa Barat didukung dengan penetapan Pejabat Pengelola Informasi dan Dokumentasi (PPID) dengan diterbitkannya Surat Keputusan Ketua Badan Amil Zakat Nasional (BAZNAS) Provinsi Jawa Barat tentang Pembentukan Pejabat Pengelola Informasi Dan Dokumentasi (PPID) BAZNAS Provinsi Jawa Barat.</p><p>Dalam rangka memberikan layanan informasi secara cepat, tepat, efektif dan efisien, PPID BAZNAS Provinsi Jawa Barat melakukan layanan secara daring melalui <i>website </i>resmi <a target=\"_blank\" rel=\"noopener noreferrer\" href=\"http://baznasjabar.org/\"><u>https://baznasjabar.org</u></a> untuk mengakses Berita, informasi dan laporan tahunan. Pada tahun 2023 BAZNAS Provinsi Jawa Barat melakukan inovasi dengan mengembangkan <i>website </i>ppid.baznasjabar.org untuk mengakses Layanan Informasi Publik oleh tim IT <i>Support </i>sebagai wujud transparansi informasi dan bentuk tanggung jawab kinerja BAZNAS Provinsi Jawa Barat kepada publik<i>. </i>Melalui <i>website</i> tersebut, telah tersedia informasi yang dapat diakses langsung oleh masyarakat.</p>', 'single-content', NULL, NULL, '2024-08-13 22:50:48', '2024-08-13 22:52:17');

--
-- Dumping data untuk tabel `faqs`
--

INSERT INTO `faqs` (`id`, `pertanyaan`, `content_jawaban`, `posting_at`, `created_at`, `updated_at`) VALUES
('9cbef96f-561b-4164-9eda-eebf7dcc0b92', 'Q: Siapa yang dapat mengajukan permohonan informasi publik?', '<p><span class=\"C9DxTc \" style=\"color: rgb(33, 33, 33); font-size: 16px; font-variant-numeric: normal; font-variant-east-asian: normal; font-variant-alternates: normal; font-variant-position: normal; font-family: Montserrat, Arial;\">A: Setiap warga negara dan/atau badan hukum&nbsp;</span><span class=\"C9DxTc \" style=\"color: rgb(33, 33, 33); font-size: 16px; font-variant-ligatures: none; font-family: Montserrat, Arial;\">I</span><span class=\"C9DxTc \" style=\"color: rgb(33, 33, 33); font-size: 16px; font-variant-numeric: normal; font-variant-east-asian: normal; font-variant-alternates: normal; font-variant-position: normal; font-family: Montserrat, Arial;\">ndonesia sebagaimana diatur dalam Undang-Undang Repu</span><span class=\"C9DxTc \" style=\"color: rgb(33, 33, 33); font-size: 16px; font-variant-ligatures: none; font-family: Montserrat, Arial;\">blik&nbsp;</span><span class=\"C9DxTc \" style=\"color: rgb(33, 33, 33); font-size: 16px; font-variant-numeric: normal; font-variant-east-asian: normal; font-variant-alternates: normal; font-variant-position: normal; font-family: Montserrat, Arial;\">Indonesia Nomor 14 Tahun 2008 tentang&nbsp;</span><span class=\"C9DxTc \" style=\"color: rgb(33, 33, 33); font-size: 16px; font-variant-ligatures: none; font-family: Montserrat, Arial;\">K</span><span class=\"C9DxTc \" style=\"color: rgb(33, 33, 33); font-size: 16px; font-variant-numeric: normal; font-variant-east-asian: normal; font-variant-alternates: normal; font-variant-position: normal; font-family: Montserrat, Arial;\">eterbukaan Informasi Publik.</span><br></p>', '2024-08-11 22:27:05', '2024-08-11 22:27:05', '2024-08-11 22:27:05'),
('9cbef9a5-ed3e-4520-86d4-b716601ee09a', 'Q: Apa saja Layanan PPID BAZNAS?', '<p dir=\"ltr\" class=\"zfr3Q CDt4Ke \" style=\"font-variant-ligatures: none; margin-right: 0px; margin-bottom: 0px; margin-left: 0px; outline: none; position: relative; text-decoration-line: inherit; color: rgb(33, 33, 33); font-size: 16px; font-family: &quot;Open Sans&quot;, sans-serif; line-height: 1.75; padding-top: 0px;\"><span class=\"C9DxTc \" style=\"font-family: Montserrat, Arial;\">A: PPID BAZNAS memiliki 3 (tiga) jenis layanan, yaitu:</span></p><ol class=\"n8H08c BKnRcf \" style=\"padding: 0px; margin: 6px 0px 0px; font-size: 16px;\"><li dir=\"ltr\" class=\"zfr3Q TYR86d lsiHE \" style=\"font-variant-ligatures: none; margin: 0px 0px 0px 15pt; outline: none; position: relative; text-decoration: inherit; color: rgb(33, 33, 33); font-size: 12pt; font-style: inherit; font-family: &quot;Open Sans&quot;, sans-serif; line-height: 0; padding-top: 0px;\"><p dir=\"ltr\" role=\"presentation\" class=\"zfr3Q CDt4Ke \" style=\"margin-right: 0px; margin-bottom: 0px; margin-left: 0pt; outline: none; position: relative; text-decoration: inherit; font-size: 12pt; font-style: inherit; line-height: 1.75; padding-top: 0px; padding-bottom: 0px; padding-left: 0pt; text-indent: 0pt;\"><a class=\"XqQF9c\" href=\"https://ppid.baznas.go.id/layanan-informasi/formulir/permohonan-informasi\" style=\"color: inherit; text-decoration: none; pointer-events: all;\"><span class=\"C9DxTc \" style=\"color: rgb(0, 0, 255); font-family: Montserrat, Arial; text-decoration-line: underline;\">Layanan Informasi Publik</span></a><span class=\"C9DxTc \" style=\"font-family: Montserrat, Arial;\">&nbsp;: merupakan layanan untuk seluruh masyarakat yang ingin mengajukan permohonan informasi ke BAZNAS;</span></p></li><li dir=\"ltr\" class=\"zfr3Q TYR86d lsiHE \" style=\"font-variant-ligatures: none; margin: 6px 0px 0px 15pt; outline: none; position: relative; text-decoration: inherit; color: rgb(33, 33, 33); font-size: 12pt; font-style: inherit; font-family: &quot;Open Sans&quot;, sans-serif; line-height: 0;\"><p dir=\"ltr\" role=\"presentation\" class=\"zfr3Q CDt4Ke \" style=\"margin-right: 0px; margin-bottom: 0px; margin-left: 0pt; outline: none; position: relative; text-decoration: inherit; font-size: 12pt; font-style: inherit; line-height: 1.75; padding-top: 0px; padding-bottom: 0px; padding-left: 0pt; text-indent: 0pt;\"><a class=\"XqQF9c\" href=\"https://ppid.baznas.go.id/layanan-informasi/formulir/permohonan-kunjungan\" style=\"color: inherit; text-decoration: none; pointer-events: all;\"><span class=\"C9DxTc \" style=\"color: rgb(0, 0, 255); font-family: Montserrat, Arial; text-decoration-line: underline;\">Layanan Kunjungan</span></a><span class=\"C9DxTc \" style=\"font-family: Montserrat, Arial;\">&nbsp;: merupakan layanan untuk seluruh Instansi/Institusi yang ingin melakukan kunjungan studi banding ke Kantor BAZNAS;</span></p></li><li dir=\"ltr\" class=\"zfr3Q TYR86d lsiHE \" style=\"font-variant-ligatures: none; margin: 6px 0px 0px 15pt; outline: none; position: relative; text-decoration: inherit; color: rgb(33, 33, 33); font-size: 12pt; font-style: inherit; font-family: &quot;Open Sans&quot;, sans-serif; line-height: 0; padding-bottom: 0px;\"><p dir=\"ltr\" role=\"presentation\" class=\"zfr3Q CDt4Ke \" style=\"margin-right: 0px; margin-bottom: 0px; margin-left: 0pt; outline: none; position: relative; text-decoration: inherit; font-size: 12pt; font-style: inherit; line-height: 1.75; padding-top: 0px; padding-bottom: 0px; padding-left: 0pt; text-indent: 0pt;\"><a class=\"XqQF9c\" href=\"https://ppid.baznas.go.id/layanan-informasi/formulir/pengajuan-keberatan\" style=\"color: inherit; text-decoration: none; pointer-events: all;\"><span class=\"C9DxTc \" style=\"color: rgb(0, 0, 255); font-family: Montserrat, Arial; text-decoration-line: underline;\">Layanan Pengajuan Keberatan</span></a><span class=\"C9DxTc \" style=\"font-family: Montserrat, Arial;\">&nbsp;: merupakan layanan untuk seluruh pemohon informasi yang keberatan atas jawaban yang telah diberikan oleh PPID BAZNAS.</span></p></li></ol>', '2024-08-11 22:27:41', '2024-08-11 22:27:41', '2024-08-11 22:27:41'),
('9cbef9f5-1b66-4426-b1aa-f8659bb09a0a', 'Q: Bagaimana cara mengajukan permohonan informasi?', '<p><span class=\"C9DxTc \" style=\"color: rgb(33, 33, 33); font-size: 16px; font-variant-numeric: normal; font-variant-east-asian: normal; font-variant-alternates: normal; font-variant-position: normal; font-family: Arial;\">A:&nbsp;</span><span class=\"C9DxTc \" style=\"color: rgb(33, 33, 33); font-size: 16px; font-variant-ligatures: none; font-family: Arial;\">Permohonan informasi dapat diajukan dengan cara mengisi link berikut ini&nbsp;</span><a class=\"XqQF9c\" href=\"https://ppid.baznas.go.id/layanan-informasi/formulir/permohonan-informasi\" target=\"_blank\" style=\"color: inherit; text-decoration: none; pointer-events: all; font-family: &quot;Open Sans&quot;, sans-serif; font-size: 16px; font-variant-ligatures: none; font-weight: 400;\"><span class=\"C9DxTc \" style=\"color: rgb(0, 0, 255); font-family: Arial; text-decoration-line: underline;\">Permohonan Informasi</span></a><span class=\"C9DxTc \" style=\"font-family: Arial; font-size: 16px; font-variant-ligatures: none; color: rgb(0, 0, 255);\">&nbsp;</span><br></p>', '2024-08-11 22:28:33', '2024-08-11 22:28:33', '2024-08-11 22:28:33'),
('9cbefa7f-98e8-48d8-bdde-0df8e5cd2277', 'Q: Informasi apa saja yang tersedia di PPID BAZNAS?', '<p dir=\"ltr\" class=\"zfr3Q CDt4Ke \" style=\"font-variant-ligatures: none; margin-right: 0px; margin-bottom: 0px; margin-left: 0px; outline: none; position: relative; text-decoration-line: inherit; color: rgb(33, 33, 33); font-size: 16px; font-family: &quot;Open Sans&quot;, sans-serif; line-height: 1.75; padding-top: 0px;\"><span class=\"C9DxTc \" style=\"font-family: Montserrat, Arial; font-variant-ligatures: normal; font-variant-numeric: normal; font-variant-east-asian: normal; font-variant-alternates: normal; font-variant-position: normal;\">A:</span><span class=\"C9DxTc \" style=\"font-family: Montserrat, Arial;\">&nbsp;Informasi yang tersedia di PPID BAZNAS adalah sebagai berikut:</span></p><ul class=\"n8H08c UVNKR \" style=\"list-style-type: square; padding: 0px; margin: 6px 0px 0px; font-size: 16px;\"><li dir=\"ltr\" class=\"zfr3Q TYR86d eD0Rn \" style=\"font-variant-ligatures: none; margin: 0px 0px 0px 15pt; outline: none; position: relative; text-decoration: inherit; color: rgb(33, 33, 33); font-size: 12pt; font-style: inherit; font-family: &quot;Open Sans&quot;, sans-serif; line-height: 0; padding-top: 0px;\"><p dir=\"ltr\" role=\"presentation\" class=\"zfr3Q CDt4Ke \" style=\"margin-right: 0px; margin-bottom: 0px; margin-left: 0pt; outline: none; position: relative; text-decoration: inherit; font-size: 12pt; font-style: inherit; line-height: 1.75; padding-top: 0px; padding-bottom: 0px; padding-left: 0pt; text-indent: 0pt;\"><span class=\"C9DxTc \" style=\"font-family: Montserrat, Arial;\">Informasi&nbsp;</span><a class=\"XqQF9c\" href=\"/informasi-publik/berkala\" style=\"color: inherit; text-decoration: none; pointer-events: all;\" target=\"_blank\"><span class=\"C9DxTc \" style=\"color: rgb(0, 0, 255); font-family: Montserrat, Arial; text-decoration-line: underline;\">Berkala</span></a></p></li><li dir=\"ltr\" class=\"zfr3Q TYR86d eD0Rn \" style=\"font-variant-ligatures: none; margin: 6px 0px 0px 15pt; outline: none; position: relative; text-decoration: inherit; color: rgb(33, 33, 33); font-size: 12pt; font-style: inherit; font-family: &quot;Open Sans&quot;, sans-serif; line-height: 0;\"><p dir=\"ltr\" role=\"presentation\" class=\"zfr3Q CDt4Ke \" style=\"margin-right: 0px; margin-bottom: 0px; margin-left: 0pt; outline: none; position: relative; text-decoration: inherit; font-size: 12pt; font-style: inherit; line-height: 1.75; padding-top: 0px; padding-bottom: 0px; padding-left: 0pt; text-indent: 0pt;\"><span class=\"C9DxTc \" style=\"font-family: Montserrat, Arial;\">Informasi&nbsp;</span><a class=\"XqQF9c\" href=\"/informasi-publik/setiap-saat\" style=\"color: inherit; text-decoration: none; pointer-events: all;\" target=\"_blank\"><span class=\"C9DxTc \" style=\"color: rgb(0, 0, 255); font-family: Montserrat, Arial; text-decoration-line: underline;\">Setiap Saat</span></a></p></li><li dir=\"ltr\" class=\"zfr3Q TYR86d eD0Rn \" style=\"font-variant-ligatures: none; margin: 6px 0px 0px 15pt; outline: none; position: relative; text-decoration: inherit; color: rgb(33, 33, 33); font-size: 12pt; font-style: inherit; font-family: &quot;Open Sans&quot;, sans-serif; line-height: 0; padding-bottom: 0px;\"><p dir=\"ltr\" role=\"presentation\" class=\"zfr3Q CDt4Ke \" style=\"margin-right: 0px; margin-bottom: 0px; margin-left: 0pt; outline: none; position: relative; text-decoration: inherit; font-size: 12pt; font-style: inherit; line-height: 1.75; padding-top: 0px; padding-bottom: 0px; padding-left: 0pt; text-indent: 0pt;\"><span class=\"C9DxTc \" style=\"font-family: Montserrat, Arial;\">Informasi&nbsp;</span><a class=\"XqQF9c\" href=\"/informasi-publik/serta-merta\" style=\"color: inherit; text-decoration: none; pointer-events: all;\" target=\"_blank\"><span class=\"C9DxTc \" style=\"color: rgb(0, 0, 255); font-family: Montserrat, Arial; text-decoration-line: underline;\">Serta Merta</span></a></p></li></ul>', '2024-08-11 22:30:03', '2024-08-11 22:30:03', '2024-08-11 22:30:03'),
('9cbefac2-d978-47e3-a4e9-eb6feda27fc5', 'Q: Dimanakah saya dapat melihat laporan keuangan BAZNAS?', '<p dir=\"ltr\" class=\"zfr3Q CDt4Ke \" style=\"font-variant-ligatures: none; margin-right: 0px; margin-bottom: 0px; margin-left: 0pt; outline: none; position: relative; text-decoration-line: inherit; color: rgb(33, 33, 33); font-size: 16px; font-family: &quot;Open Sans&quot;, sans-serif; line-height: 1.75; padding-top: 0px; text-indent: 0pt; padding-left: 0pt;\"><span class=\"C9DxTc \" style=\"font-family: Montserrat, Arial;\">A: Laporan Keuangan BAZNAS dapat dilihat pada link berikut ini:</span></p><ul class=\"n8H08c UVNKR \" style=\"list-style-type: square; padding: 0px; margin: 6px 0px 0px; font-size: 16px;\"><li dir=\"ltr\" class=\"zfr3Q TYR86d eD0Rn \" style=\"font-variant-ligatures: none; margin: 0px 0px 0px 15pt; outline: none; position: relative; text-decoration: inherit; color: rgb(33, 33, 33); font-size: 12pt; font-style: inherit; font-family: &quot;Open Sans&quot;, sans-serif; line-height: 0; padding-top: 0px;\"><p dir=\"ltr\" role=\"presentation\" class=\"zfr3Q CDt4Ke \" style=\"margin-right: 0px; margin-bottom: 0px; margin-left: 0pt; outline: none; position: relative; text-decoration: inherit; font-size: 12pt; font-style: inherit; line-height: 1.75; padding-top: 0px; padding-bottom: 0px; padding-left: 0pt; text-indent: 0pt;\"><span class=\"C9DxTc \" style=\"font-family: Montserrat, Arial;\">Laporan Keuangan BAZNAS&nbsp;</span><a class=\"XqQF9c\" href=\"https://ppid.baznas.go.id/laporan/laporan-keuangan\" style=\"color: inherit; text-decoration: none; pointer-events: all;\"><span class=\"C9DxTc \" style=\"color: rgb(0, 0, 255); font-family: Montserrat, Arial; text-decoration-line: underline;\">tahunan</span></a></p></li><li dir=\"ltr\" class=\"zfr3Q TYR86d eD0Rn \" style=\"font-variant-ligatures: none; margin: 6px 0px 0px 15pt; outline: none; position: relative; text-decoration: inherit; color: rgb(33, 33, 33); font-size: 12pt; font-style: inherit; font-family: &quot;Open Sans&quot;, sans-serif; line-height: 0; padding-bottom: 0px;\"><p dir=\"ltr\" role=\"presentation\" class=\"zfr3Q CDt4Ke \" style=\"margin-right: 0px; margin-bottom: 0px; margin-left: 0pt; outline: none; position: relative; text-decoration: inherit; font-size: 12pt; font-style: inherit; line-height: 1.75; padding-top: 0px; padding-bottom: 0px; padding-left: 0pt; text-indent: 0pt;\"><span class=\"C9DxTc \" style=\"font-family: Montserrat, Arial;\">Laporan Keuangan BAZNAS&nbsp;</span><a class=\"XqQF9c\" href=\"https://ppid.baznas.go.id/laporan/lap-keu-bln\" style=\"color: inherit; text-decoration: none; pointer-events: all;\"><span class=\"C9DxTc \" style=\"color: rgb(0, 0, 255); font-family: Montserrat, Arial; text-decoration-line: underline;\">bulanan</span></a></p></li></ul>', '2024-08-11 22:30:47', '2024-08-11 22:30:47', '2024-08-11 22:30:47');

--
-- Dumping data untuk tabel `formulirs`
--

INSERT INTO `formulirs` (`id`, `nama`, `deskripsi`, `google_form_url`, `form_file_url`, `created_at`, `updated_at`) VALUES
('9cc2c1b3-5ac4-4718-bd34-762ad2ef1238', 'Permohonan Informasi Publik', 'Formulir Permohonan Informasi Publik', 'https://docs.google.com/forms/d/e/1FAIpQLSdoW8SkXemTMF3cASJUTrqQKc_ZJYfW53TjpRDPdpZtAbFGxQ/viewform?pli=1', '/storage/informasi/1723602873.pdf', '2024-08-13 19:34:33', '2024-08-13 19:34:33'),
('9cc2c298-e0ba-4214-9999-bf56b00a4bc0', 'Pengajuan Keberatan', 'Formulir Pengajuan Keberatan', 'https://docs.google.com/forms/d/e/1FAIpQLSd-odFNHswZSlt5ipavEK_eNEoZLXlf-dcvwdHb_WDlnzvWZA/viewform?fbzx=-2819620683855973753&pli=1', '/storage/informasi/1723603023.pdf', '2024-08-13 19:37:03', '2024-08-13 19:37:03'),
('9cc2f027-594a-4a75-bf2b-c32f6a87a051', 'Permohonan kunjungan', '-', 'https://docs.google.com/forms/d/e/1FAIpQLSdmxUrGIl-JAAa7c2Wbxz_KvYGI04GCHB_Pl1E-2k8WOIsshA/viewform?usp=sf_link', '/storage/informasi/1723610666.pdf', '2024-08-13 21:44:26', '2024-08-13 21:44:26'),
('9cc2f08c-9bce-4c3c-a186-12cca9855aa8', 'Penialaian Layanan', '-', 'https://docs.google.com/forms/d/e/1FAIpQLSdmxUrGIl-JAAa7c2Wbxz_KvYGI04GCHB_Pl1E-2k8WOIsshA/viewform?usp=sf_link', '/storage/informasi/1723610733.pdf', '2024-08-13 21:45:33', '2024-08-13 21:45:33');

--
-- Dumping data untuk tabel `general_content_lists`
--

INSERT INTO `general_content_lists` (`id`, `nama`, `page_id`, `created_at`, `updated_at`) VALUES
('9cbd9b70-0753-4aaa-9a14-8a65bfc2bc2d', 'profile', '9cbd9b70-05d1-48be-8f76-c6888972be5a', '2024-08-11 06:08:25', '2024-08-11 06:08:25'),
('9cbd9b70-0947-459c-9f13-1f7dee8ae039', 'tugas_fungsi', '9cbd9b70-0891-48a5-8914-53b3d0e1ebd1', '2024-08-11 06:08:25', '2024-08-11 06:08:25'),
('9cbd9b70-0a67-4efd-8834-effa5b41789c', 'visi_misi', '9cbd9b70-09e3-4206-8951-c5bbc67ca065', '2024-08-11 06:08:25', '2024-08-11 06:08:25'),
('9cbd9b70-0b63-4f1e-97f9-1ffd7eaa5d4d', 'struktur', '9cbd9b70-0aee-4896-9a30-18935d478a0e', '2024-08-11 06:08:25', '2024-08-11 06:08:25');

--
-- Dumping data untuk tabel `informasi_publik_items`
--

INSERT INTO `informasi_publik_items` (`id`, `golongan`, `group`, `nama`, `type`, `url`, `page_id`, `created_at`, `updated_at`) VALUES
('9cbdb148-ad61-4733-b2d8-0a8d10e6880a', 'berkala', 'Baznas Jabar', 'Alamat Kantor Layanan BAZNAS Jabar', 'page', NULL, '9cc2f110-6421-4253-991d-cf503ec52d84', '2024-08-11 07:09:30', '2024-08-13 21:46:59'),
('9cbdb1cc-71de-451b-bd9b-13f268054ae8', 'berkala', 'Baznas Jabar', 'Struktur Organisasi BAZNAS Jabar', 'url', 'http://127.0.0.1:8000/struktur-organisasi', NULL, '2024-08-11 07:10:57', '2024-08-13 21:46:51'),
('9cbdb248-504a-49e7-98a1-dfea639e1b3f', 'berkala', 'Baznas Jabar', 'Alamat Baznas Daerah Jawa Barat', 'url', 'http://127.0.0.1:8000/page/9cc2c6ef-2297-4808-84f3-870afdf72ebe/alamat-baznas-daerah-jawa-barat', NULL, '2024-08-11 07:12:18', '2024-08-13 21:46:43'),
('9cbdb321-e470-4607-9eab-db5bfcf6544e', 'berkala', 'Baznas Jabar', 'Laz Kab/Kota', 'url', 'http://127.0.0.1:8000/page/9cc2cd21-38cd-47cc-a31b-e42f8ba2de1d/laz-kabupaten-kota', NULL, '2024-08-11 07:14:40', '2024-08-13 21:46:35'),
('9cc2f305-8247-4973-9bba-1569e3d8e30c', 'serta_merta', NULL, 'Situation Report Banjir Sumedang #1 Per 6 Mei 2022', 'url', 'http://127.0.0.1:8000/page/9cc2f2d5-3eb4-4b2a-9f35-e6927e005f41/situation-report-banjir-bandang-sumedang', NULL, '2024-08-13 21:52:28', '2024-08-13 21:52:28'),
('9cc2f45e-30c8-435a-85de-45a630af69b2', 'serta_merta', NULL, 'Situation Report Banjir Sumedang #2 per 8 Mei 2022', 'url', 'http://127.0.0.1:8000/page/9cc2f3de-f8a9-4711-9256-70f54faf18fa/situation-report-banjir-bandang-sumedang-2', NULL, '2024-08-13 21:56:14', '2024-08-13 21:57:04'),
('9cc301ba-8de3-47cd-9db2-35519dc851d0', 'setiap_saat', 'Media Sosial BAZNAS Provinsi Jawa Barat', 'Facebook Baznas Jawa Barat', 'url', 'https://www.facebook.com/Baznasjawabarat/?locale=id_ID', NULL, '2024-08-13 22:33:35', '2024-08-13 22:35:25'),
('9cc3022d-f4d0-409b-bb86-2f4aa7c461c8', 'setiap_saat', 'Media Sosial BAZNAS Provinsi Jawa Barat', 'Instagram Baznas Jabar', 'url', 'https://www.instagram.com/baznasjabar/?hl=id', NULL, '2024-08-13 22:34:51', '2024-08-13 22:35:18'),
('9cc302db-9c8e-4a2c-947c-8ad0733498f7', 'setiap_saat', 'Media Sosial BAZNAS Provinsi Jawa Barat', 'WhatsApp  Layanan Muzaki', 'url', 'https://wa.me/6281122335272', NULL, '2024-08-13 22:36:45', '2024-08-13 22:36:45'),
('9cc30362-e6b7-4420-8525-7efed13da5f2', 'setiap_saat', 'Media Sosial BAZNAS Provinsi Jawa Barat', 'Youtube Baznas Jabar', 'url', 'https://www.youtube.com/@baznasjabar3816', NULL, '2024-08-13 22:38:13', '2024-08-13 22:38:13');

--
-- Dumping data untuk tabel `items_custom`
--

INSERT INTO `items_custom` (`id`, `title`, `parent_group`, `desc`, `type`, `url`, `content`, `created_at`, `updated_at`, `custom_page_id`) VALUES
('0e3e3e03-f763-486e-92b8-309e9e3e706e', 'Jangka Waktu Penyelesaian', NULL, NULL, 'content', NULL, '<span style=\"font-family: Comfortaa, Arial; font-size: 16px; font-variant-ligatures: none;\">20 (dua puluh) hari kerja terhitung sejak dokumen permohonan rekomendasi LAZ diterima dan dinyatakan lengkap oleh BAZNAS</span>', NULL, NULL, '9cbda6bb-b5ee-4be5-bcea-287fd3f5b6b7'),
('17772ebf-de3d-413a-bf60-6e974652fe28', 'Dasar Hukum Layanan Pemberian Rekomendasi LAZ', NULL, NULL, 'content', NULL, '<ol class=\"n8H08c BKnRcf \" style=\"padding: 0px; margin-right: 0px; margin-bottom: 0px; margin-left: 0px; font-size: 16px;\"><li dir=\"ltr\" class=\"zfr3Q TYR86d lsiHE \" style=\"font-variant-ligatures: none; margin: 0px 0px 0px 15pt; outline: none; position: relative; text-decoration: inherit; color: rgb(33, 33, 33); font-size: 12pt; font-style: inherit; font-family: &quot;Open Sans&quot;, sans-serif; line-height: 0; padding-top: 0px;\"><p dir=\"ltr\" role=\"presentation\" class=\"zfr3Q CDt4Ke \" style=\"margin: 0pt 0px 10pt 0pt; outline: none; position: relative; text-decoration: inherit; font-size: 12pt; font-style: inherit; line-height: 1.8; padding: 0pt; background-color: transparent; border-width: initial; border-style: none; border-color: initial; text-align: justify; text-indent: 0pt;\"><span class=\"C9DxTc \" style=\"color: rgb(0, 0, 0); font-family: Comfortaa, Arial;\">Undang-Undang Nomor 23 Tahun 2011 tentang Pengelolaan Zakat (Lembaran Negara Republik Indonesia Tahun 2011 Nomor 115, Tambahan Lembaran Negara Republik Indonesia Nomor 5255)</span></p></li><li dir=\"ltr\" class=\"zfr3Q TYR86d lsiHE \" style=\"font-variant-ligatures: none; margin: 6px 0px 0px 15pt; outline: none; position: relative; text-decoration: inherit; color: rgb(33, 33, 33); font-size: 12pt; font-style: inherit; font-family: &quot;Open Sans&quot;, sans-serif; line-height: 0;\"><p dir=\"ltr\" role=\"presentation\" class=\"zfr3Q CDt4Ke \" style=\"margin: 0pt 0px 10pt 0pt; outline: none; position: relative; text-decoration: inherit; font-size: 12pt; font-style: inherit; line-height: 1.8; padding: 0pt; background-color: transparent; border-width: initial; border-style: none; border-color: initial; text-align: justify; text-indent: 0pt;\"><span class=\"C9DxTc \" style=\"color: rgb(0, 0, 0); font-family: Comfortaa, Arial;\">Peraturan Pemerintah Nomor 14 Tahun 2014 tentang Pelaksanaan Undang-Undang Nomor 23 Tahun 2011 tentang Pengelolaan Zakat (Lembaran Negara Republik Indonesia Tahun 2014 Nomor 38, Tambahan Lembaran Negara Republik Indonesia Nomor 5508);</span></p></li><li dir=\"ltr\" class=\"zfr3Q TYR86d lsiHE \" style=\"font-variant-ligatures: none; margin: 6px 0px 0px 15pt; outline: none; position: relative; text-decoration: inherit; color: rgb(33, 33, 33); font-size: 12pt; font-style: inherit; font-family: &quot;Open Sans&quot;, sans-serif; line-height: 0;\"><p dir=\"ltr\" role=\"presentation\" class=\"zfr3Q CDt4Ke \" style=\"margin: 0pt 0px 10pt 0pt; outline: none; position: relative; text-decoration: inherit; font-size: 12pt; font-style: inherit; line-height: 1.8; padding: 0pt; background-color: transparent; border-width: initial; border-style: none; border-color: initial; text-align: justify; text-indent: 0pt;\"><span class=\"C9DxTc \" style=\"color: rgb(0, 0, 0); font-family: Comfortaa, Arial;\">Keputusan Menteri Agama Nomor 333 Tahun 2015 tentang Pedoman Pemberian Izin Pembentukan Lembaga Amil Zakat;</span></p></li><li dir=\"ltr\" class=\"zfr3Q TYR86d lsiHE \" style=\"font-variant-ligatures: none; margin: 6px 0px 0px 15pt; outline: none; position: relative; text-decoration: inherit; color: rgb(33, 33, 33); font-size: 12pt; font-style: inherit; font-family: &quot;Open Sans&quot;, sans-serif; line-height: 0; padding-bottom: 0px;\"><p dir=\"ltr\" role=\"presentation\" class=\"zfr3Q CDt4Ke \" style=\"margin: 0pt 0px 10pt 0pt; outline: none; position: relative; text-decoration: inherit; font-size: 12pt; font-style: inherit; line-height: 1.8; padding: 0pt; background-color: transparent; border-width: initial; border-style: none; border-color: initial; text-align: justify; text-indent: 0pt;\"><span class=\"C9DxTc \" style=\"color: rgb(0, 0, 0); font-family: Comfortaa, Arial;\">Peraturan BAZNAS Nomor 3 Tahun 2019 tentang Tata Cara Permohonan Rekomendasi Izin Pembentukan dan Pembukaan Perwakilan Lembaga Amil Zakat.</span></p></li></ol>', NULL, NULL, '9cbda6bb-b5ee-4be5-bcea-287fd3f5b6b7'),
('17a2c9ef-c9ca-4210-9197-0fcf084a35b9', 'Persyaratan Rekomendasi LAZ', NULL, NULL, 'content', NULL, '<ol class=\"n8H08c BKnRcf \" style=\"padding: 0px; margin-right: 0px; margin-bottom: 0px; margin-left: 0px; font-size: 16px;\"><li dir=\"ltr\" class=\"zfr3Q TYR86d lsiHE \" style=\"font-variant-ligatures: none; margin: 0px 0px 0px 15pt; outline: none; position: relative; text-decoration: inherit; color: rgb(33, 33, 33); font-size: 12pt; font-style: inherit; font-family: &quot;Open Sans&quot;, sans-serif; line-height: 0; padding-top: 0px;\"><p dir=\"ltr\" role=\"presentation\" class=\"zfr3Q CDt4Ke \" style=\"margin-right: 0px; margin-bottom: 0px; margin-left: 0pt; outline: none; position: relative; text-decoration: inherit; font-size: 12pt; font-style: inherit; line-height: 1.8; padding-top: 0px; padding-bottom: 0px; padding-left: 0pt; text-align: justify; text-indent: 0pt;\"><span class=\"C9DxTc \" style=\"color: rgb(0, 0, 0); font-family: Comfortaa, Arial;\">Surat permohonan izin pembentukan LAZ dengan menyebutkan skala LAZ yang diajukan;</span></p></li><li dir=\"ltr\" class=\"zfr3Q TYR86d lsiHE \" style=\"font-variant-ligatures: none; margin: 6px 0px 0px 15pt; outline: none; position: relative; text-decoration: inherit; color: rgb(33, 33, 33); font-size: 12pt; font-style: inherit; font-family: &quot;Open Sans&quot;, sans-serif; line-height: 0;\"><p dir=\"ltr\" role=\"presentation\" class=\"zfr3Q CDt4Ke \" style=\"margin: 0pt 0px 0pt 0pt; outline: none; position: relative; text-decoration: inherit; font-size: 12pt; font-style: inherit; line-height: 1.8; padding: 0pt; background-color: transparent; border-width: initial; border-style: none; border-color: initial; text-align: justify; text-indent: 0pt;\"><span class=\"C9DxTc \" style=\"color: rgb(0, 0, 0); font-family: Comfortaa, Arial;\">Anggaran dasar organisasi atau akta pendirian;</span></p></li><li dir=\"ltr\" class=\"zfr3Q TYR86d lsiHE \" style=\"font-variant-ligatures: none; margin: 6px 0px 0px 15pt; outline: none; position: relative; text-decoration: inherit; color: rgb(33, 33, 33); font-size: 12pt; font-style: inherit; font-family: &quot;Open Sans&quot;, sans-serif; line-height: 0;\"><p dir=\"ltr\" role=\"presentation\" class=\"zfr3Q CDt4Ke \" style=\"margin: 0pt 0px 0pt 0pt; outline: none; position: relative; text-decoration: inherit; font-size: 12pt; font-style: inherit; line-height: 1.8; padding: 0pt; background-color: transparent; border-width: initial; border-style: none; border-color: initial; text-align: justify; text-indent: 0pt;\"><span class=\"C9DxTc \" style=\"color: rgb(0, 0, 0); font-family: Comfortaa, Arial;\">Surat keterangan terdaftar dari organisasi/satuan kerja perangkat daerah provinsi yang memiliki tugas dan fungsi menyelenggarakan urusan pemerintah dibidang kesatuan bangsa dan perlindungan masyarakat bagi organisasi Kemasyarakatan Islam atau surat keputusan pengesahan sebagai badan hukum dari Kementerian Hukum dan Hak Asasi Manusia sebagai yayasan berbasis Islam atau perkumpulan berbasis Islam;</span></p></li><li dir=\"ltr\" class=\"zfr3Q TYR86d lsiHE \" style=\"font-variant-ligatures: none; margin: 6px 0px 0px 15pt; outline: none; position: relative; text-decoration: inherit; color: rgb(33, 33, 33); font-size: 12pt; font-style: inherit; font-family: &quot;Open Sans&quot;, sans-serif; line-height: 0; padding-bottom: 0px;\"><p dir=\"ltr\" role=\"presentation\" class=\"zfr3Q CDt4Ke \" style=\"margin: 0pt 0px 0pt 0pt; outline: none; position: relative; text-decoration: inherit; font-size: 12pt; font-style: inherit; line-height: 1.8; padding: 0pt; background-color: transparent; border-width: initial; border-style: none; border-color: initial; text-align: justify; text-indent: 0pt;\"><span class=\"C9DxTc \" style=\"color: rgb(0, 0, 0); font-family: Comfortaa, Arial;\">Susunan pengawas syariah sesuai skala yang telah mendapatkan rekomendasi dari Majelis Ulama Indonesia sesuai skala;</span></p></li></ol><p dir=\"ltr\" class=\"zfr3Q CDt4Ke \" style=\"font-variant-ligatures: none; margin: 0pt 0px 0pt 15pt; outline: none; position: relative; text-decoration-line: inherit; color: rgb(33, 33, 33); font-size: 16px; font-family: &quot;Open Sans&quot;, sans-serif; line-height: 1.8; text-indent: 0pt; background-color: transparent; border-width: initial; border-style: none; border-color: initial; padding: 0pt; text-align: justify;\"><span class=\"C9DxTc \" style=\"color: rgb(0, 0, 0); font-family: Comfortaa, Arial;\">a.</span><span class=\"C9DxTc \" style=\"color: rgb(0, 0, 0); font-family: Comfortaa, Arial;\">&nbsp;&nbsp; &nbsp;&nbsp;</span><span class=\"C9DxTc \" style=\"color: rgb(0, 0, 0); font-family: Comfortaa, Arial;\">Skala Nasional (1 Ketua 2 Anggota)</span></p><p dir=\"ltr\" class=\"zfr3Q CDt4Ke \" style=\"font-variant-ligatures: none; margin: 0pt 0px 0pt 15pt; outline: none; position: relative; text-decoration-line: inherit; color: rgb(33, 33, 33); font-size: 16px; font-family: &quot;Open Sans&quot;, sans-serif; line-height: 1.8; text-indent: 0pt; background-color: transparent; border-width: initial; border-style: none; border-color: initial; padding: 0pt; text-align: justify;\"><span class=\"C9DxTc \" style=\"color: rgb(0, 0, 0); font-family: Comfortaa, Arial;\">b.</span><span class=\"C9DxTc \" style=\"color: rgb(0, 0, 0); font-family: Comfortaa, Arial;\">&nbsp;&nbsp; &nbsp;&nbsp;</span><span class=\"C9DxTc \" style=\"color: rgb(0, 0, 0); font-family: Comfortaa, Arial;\">Skala Provinsi (1 Ketua 1 Anggota)</span></p><p dir=\"ltr\" class=\"zfr3Q CDt4Ke \" style=\"font-variant-ligatures: none; margin: 0pt 0px 0pt 15pt; outline: none; position: relative; text-decoration-line: inherit; color: rgb(33, 33, 33); font-size: 16px; font-family: &quot;Open Sans&quot;, sans-serif; line-height: 1.8; text-indent: 0pt; background-color: transparent; border-width: initial; border-style: none; border-color: initial; padding: 0pt; text-align: justify;\"><span class=\"C9DxTc \" style=\"color: rgb(0, 0, 0); font-family: Comfortaa, Arial;\">c.</span><span class=\"C9DxTc \" style=\"color: rgb(0, 0, 0); font-family: Comfortaa, Arial;\">&nbsp;&nbsp; &nbsp;&nbsp;</span><span class=\"C9DxTc \" style=\"color: rgb(0, 0, 0); font-family: Comfortaa, Arial;\">Skala Kabupaten/Kota (1 Ketua 1 Anggota)</span></p><ol start=\"5\" class=\"n8H08c BKnRcf \" style=\"padding: 0px; margin: 6px 0px 0px; font-size: 16px;\"><li dir=\"ltr\" class=\"zfr3Q TYR86d lsiHE \" style=\"font-variant-ligatures: none; margin: 0px 0px 0px 15pt; outline: none; position: relative; text-decoration: inherit; color: rgb(33, 33, 33); font-size: 12pt; font-style: inherit; font-family: &quot;Open Sans&quot;, sans-serif; line-height: 0; padding-top: 0px;\"><p dir=\"ltr\" role=\"presentation\" class=\"zfr3Q CDt4Ke \" style=\"margin: 0pt 0px 0pt 0pt; outline: none; position: relative; text-decoration: inherit; font-size: 12pt; font-style: inherit; line-height: 1.8; padding: 0pt; background-color: transparent; border-width: initial; border-style: none; border-color: initial; text-align: justify; text-indent: 0pt;\"><span class=\"C9DxTc \" style=\"color: rgb(0, 0, 0); font-family: Comfortaa, Arial;\">Surat pernyataan kesediaan sebagai pengawas syariah di atas meterai yang ditandatangani oleh masing-masing pengawas syariah;</span></p></li><li dir=\"ltr\" class=\"zfr3Q TYR86d lsiHE \" style=\"font-variant-ligatures: none; margin: 6px 0px 0px 15pt; outline: none; position: relative; text-decoration: inherit; color: rgb(33, 33, 33); font-size: 12pt; font-style: inherit; font-family: &quot;Open Sans&quot;, sans-serif; line-height: 0; padding-bottom: 0px;\"><p dir=\"ltr\" role=\"presentation\" class=\"zfr3Q CDt4Ke \" style=\"margin: 0pt 0px 0pt 0pt; outline: none; position: relative; text-decoration: inherit; font-size: 12pt; font-style: inherit; line-height: 1.8; padding: 0pt; background-color: transparent; border-width: initial; border-style: none; border-color: initial; text-align: justify; text-indent: 0pt;\"><span class=\"C9DxTc \" style=\"color: rgb(0, 0, 0); font-family: Comfortaa, Arial;\">Daftar pegawai yang melaksanakan tugas teknis di bidang pengumpulan, pendistribusian, pendayagunaan, administratif, dan keuangan dengan jumlah sesuai skala dilegalisir oleh pimpinan organisasi kemasyarakat Islam berskala nasional atau provinsi, yayasan berbasis Islam, dan perkumpulan berbasis Islam;</span></p></li></ol><p dir=\"ltr\" class=\"zfr3Q CDt4Ke \" style=\"font-variant-ligatures: none; margin: 0pt 0px 0pt 15pt; outline: none; position: relative; text-decoration-line: inherit; color: rgb(33, 33, 33); font-size: 16px; font-family: &quot;Open Sans&quot;, sans-serif; line-height: 1.8; text-indent: 0pt; background-color: transparent; border-width: initial; border-style: none; border-color: initial; padding: 0pt; text-align: justify;\"><span class=\"C9DxTc \" style=\"color: rgb(0, 0, 0); font-family: Comfortaa, Arial;\">a.</span><span class=\"C9DxTc \" style=\"color: rgb(0, 0, 0); font-family: Comfortaa, Arial;\">&nbsp;&nbsp;&nbsp;</span><span class=\"C9DxTc \" style=\"color: rgb(0, 0, 0); font-family: Comfortaa, Arial;\">Skala Nasional (Minimal 40 Orang)</span></p><p dir=\"ltr\" class=\"zfr3Q CDt4Ke \" style=\"font-variant-ligatures: none; margin: 0pt 0px 0pt 15pt; outline: none; position: relative; text-decoration-line: inherit; color: rgb(33, 33, 33); font-size: 16px; font-family: &quot;Open Sans&quot;, sans-serif; line-height: 1.8; text-indent: 0pt; background-color: transparent; border-width: initial; border-style: none; border-color: initial; padding: 0pt; text-align: justify;\"><span class=\"C9DxTc \" style=\"color: rgb(0, 0, 0); font-family: Comfortaa, Arial;\">b.</span><span class=\"C9DxTc \" style=\"color: rgb(0, 0, 0); font-family: Comfortaa, Arial;\">&nbsp;&nbsp;&nbsp;</span><span class=\"C9DxTc \" style=\"color: rgb(0, 0, 0); font-family: Comfortaa, Arial;\">Skala Provinsi (Minimal 20 Orang)</span></p><p dir=\"ltr\" class=\"zfr3Q CDt4Ke \" style=\"font-variant-ligatures: none; margin: 0pt 0px 0pt 15pt; outline: none; position: relative; text-decoration-line: inherit; color: rgb(33, 33, 33); font-size: 16px; font-family: &quot;Open Sans&quot;, sans-serif; line-height: 1.8; text-indent: 0pt; background-color: transparent; border-width: initial; border-style: none; border-color: initial; padding: 0pt; text-align: justify;\"><span class=\"C9DxTc \" style=\"color: rgb(0, 0, 0); font-family: Comfortaa, Arial;\">c.</span><span class=\"C9DxTc \" style=\"color: rgb(0, 0, 0); font-family: Comfortaa, Arial;\">&nbsp; &nbsp;&nbsp;</span><span class=\"C9DxTc \" style=\"color: rgb(0, 0, 0); font-family: Comfortaa, Arial;\">Skala Kabupaten/Kota (Minimal 8 Orang)</span></p><ol start=\"7\" class=\"n8H08c BKnRcf \" style=\"padding: 0px; margin: 6px 0px 0px; font-size: 16px;\"><li dir=\"ltr\" class=\"zfr3Q TYR86d lsiHE \" style=\"font-variant-ligatures: none; margin: 0px 0px 0px 15pt; outline: none; position: relative; text-decoration: inherit; color: rgb(33, 33, 33); font-size: 12pt; font-style: inherit; font-family: &quot;Open Sans&quot;, sans-serif; line-height: 0; padding-top: 0px;\"><p dir=\"ltr\" role=\"presentation\" class=\"zfr3Q CDt4Ke \" style=\"margin: 0pt 0px 0pt 0pt; outline: none; position: relative; text-decoration: inherit; font-size: 12pt; font-style: inherit; line-height: 1.8; padding: 0pt; background-color: transparent; border-width: initial; border-style: none; border-color: initial; text-align: justify; text-indent: 0pt;\"><span class=\"C9DxTc \" style=\"color: rgb(0, 0, 0); font-family: Comfortaa, Arial;\">Fotokopi jaminan sosial ketenagakerjaan dan jaminan sosial kesehatan atau asuransi lainnya dari pegawai;</span></p></li><li dir=\"ltr\" class=\"zfr3Q TYR86d lsiHE \" style=\"font-variant-ligatures: none; margin: 6px 0px 0px 15pt; outline: none; position: relative; text-decoration: inherit; color: rgb(33, 33, 33); font-size: 12pt; font-style: inherit; font-family: &quot;Open Sans&quot;, sans-serif; line-height: 0;\"><p dir=\"ltr\" role=\"presentation\" class=\"zfr3Q CDt4Ke \" style=\"margin: 0pt 0px 0pt 0pt; outline: none; position: relative; text-decoration: inherit; font-size: 12pt; font-style: inherit; line-height: 1.8; padding: 0pt; background-color: transparent; border-width: initial; border-style: none; border-color: initial; text-align: justify; text-indent: 0pt;\"><span class=\"C9DxTc \" style=\"color: rgb(0, 0, 0); font-family: Comfortaa, Arial;\">Surat pengangkatan pegawai;</span></p></li><li dir=\"ltr\" class=\"zfr3Q TYR86d lsiHE \" style=\"font-variant-ligatures: none; margin: 6px 0px 0px 15pt; outline: none; position: relative; text-decoration: inherit; color: rgb(33, 33, 33); font-size: 12pt; font-style: inherit; font-family: &quot;Open Sans&quot;, sans-serif; line-height: 0;\"><p dir=\"ltr\" role=\"presentation\" class=\"zfr3Q CDt4Ke \" style=\"margin: 0pt 0px 0pt 0pt; outline: none; position: relative; text-decoration: inherit; font-size: 12pt; font-style: inherit; line-height: 1.8; padding: 0pt; background-color: transparent; border-width: initial; border-style: none; border-color: initial; text-align: justify; text-indent: 0pt;\"><span class=\"C9DxTc \" style=\"color: rgb(0, 0, 0); font-family: Comfortaa, Arial;\">Surat pernyataan bahwa seluruh pengurus dan pegawai tidak merangkap sebagai pengurus pegawai BAZNAS dan LAZ lainnya;</span></p></li><li dir=\"ltr\" class=\"zfr3Q TYR86d lsiHE \" style=\"font-variant-ligatures: none; margin: 6px 0px 0px 15pt; outline: none; position: relative; text-decoration: inherit; color: rgb(33, 33, 33); font-size: 12pt; font-style: inherit; font-family: &quot;Open Sans&quot;, sans-serif; line-height: 0;\"><p dir=\"ltr\" role=\"presentation\" class=\"zfr3Q CDt4Ke \" style=\"margin: 0pt 0px 0pt 0pt; outline: none; position: relative; text-decoration: inherit; font-size: 12pt; font-style: inherit; line-height: 1.8; padding: 0pt; background-color: transparent; border-width: initial; border-style: none; border-color: initial; text-align: justify; text-indent: 0pt;\"><span class=\"C9DxTc \" style=\"color: rgb(0, 0, 0); font-family: Comfortaa, Arial;\">Surat pernyataan bersedia diaudit syariah dan audit keuangan secara berkala di atas meterai yang ditandatangani organisasi pemohon;</span></p></li><li dir=\"ltr\" class=\"zfr3Q TYR86d lsiHE \" style=\"font-variant-ligatures: none; margin: 6px 0px 0px 15pt; outline: none; position: relative; text-decoration: inherit; color: rgb(33, 33, 33); font-size: 12pt; font-style: inherit; font-family: &quot;Open Sans&quot;, sans-serif; line-height: 0; padding-bottom: 0px;\"><p dir=\"ltr\" role=\"presentation\" class=\"zfr3Q CDt4Ke \" style=\"margin: 0pt 0px 0pt 0pt; outline: none; position: relative; text-decoration: inherit; font-size: 12pt; font-style: inherit; line-height: 1.8; padding: 0pt; background-color: transparent; border-width: initial; border-style: none; border-color: initial; text-align: justify; text-indent: 0pt;\"><span class=\"C9DxTc \" style=\"color: rgb(0, 0, 0); font-family: Comfortaa, Arial;\">Ikhtisar perencanaan program pendayagunaan zakat bagi kesejahteraan umat yang dimiliki sesuai skala yang mencakup nama program, lokasi program, jumlah penerima manfaat, jumlah zakat yang disalurkan, serta luaran (output), hasil (outcome), manfaat (benefit), dan dampak (impact) program bagi penerima manfaat;</span></p></li></ol><p dir=\"ltr\" class=\"zfr3Q CDt4Ke \" style=\"font-variant-ligatures: none; margin: 0pt 0px 0pt 15pt; outline: none; position: relative; text-decoration-line: inherit; color: rgb(33, 33, 33); font-size: 16px; font-family: &quot;Open Sans&quot;, sans-serif; line-height: 1.8; text-indent: 0pt; background-color: transparent; border-width: initial; border-style: none; border-color: initial; padding: 0pt; text-align: justify;\"><span class=\"C9DxTc \" style=\"color: rgb(0, 0, 0); font-family: Comfortaa, Arial;\">a.</span><span class=\"C9DxTc \" style=\"color: rgb(0, 0, 0); font-family: Comfortaa, Arial;\">&nbsp;&nbsp;&nbsp;</span><span class=\"C9DxTc \" style=\"color: rgb(0, 0, 0); font-family: Comfortaa, Arial;\">Nasional (paling sedikit berada di 3 provinsi)</span></p><p dir=\"ltr\" class=\"zfr3Q CDt4Ke \" style=\"font-variant-ligatures: none; margin: 0pt 0px 0pt 15pt; outline: none; position: relative; text-decoration-line: inherit; color: rgb(33, 33, 33); font-size: 16px; font-family: &quot;Open Sans&quot;, sans-serif; line-height: 1.8; text-indent: 0pt; background-color: transparent; border-width: initial; border-style: none; border-color: initial; padding: 0pt; text-align: justify;\"><span class=\"C9DxTc \" style=\"color: rgb(0, 0, 0); font-family: Comfortaa, Arial;\">b.</span><span class=\"C9DxTc \" style=\"color: rgb(0, 0, 0); font-family: Comfortaa, Arial;\">&nbsp;&nbsp;&nbsp;</span><span class=\"C9DxTc \" style=\"color: rgb(0, 0, 0); font-family: Comfortaa, Arial;\">Provinsi (paling sedikit berada di 3 kab/kota)</span></p><p dir=\"ltr\" class=\"zfr3Q CDt4Ke \" style=\"font-variant-ligatures: none; margin: 0pt 0px 0pt 15pt; outline: none; position: relative; text-decoration-line: inherit; color: rgb(33, 33, 33); font-size: 16px; font-family: &quot;Open Sans&quot;, sans-serif; line-height: 1.8; text-indent: 0pt; background-color: transparent; border-width: initial; border-style: none; border-color: initial; padding: 0pt; text-align: justify;\"><span class=\"C9DxTc \" style=\"color: rgb(0, 0, 0); font-family: Comfortaa, Arial;\">c.</span><span class=\"C9DxTc \" style=\"color: rgb(0, 0, 0); font-family: Comfortaa, Arial;\">&nbsp; &nbsp;&nbsp;</span><span class=\"C9DxTc \" style=\"color: rgb(0, 0, 0); font-family: Comfortaa, Arial;\">Kabupaten/Kota (paling sedikit berada di 3 kecamatan)</span></p><ol start=\"12\" class=\"n8H08c BKnRcf \" style=\"padding: 0px; margin: 6px 0px 0px; font-size: 16px;\"><li dir=\"ltr\" class=\"zfr3Q TYR86d lsiHE \" style=\"font-variant-ligatures: none; margin: 0px 0px 0px 15pt; outline: none; position: relative; text-decoration: inherit; color: rgb(33, 33, 33); font-size: 12pt; font-style: inherit; font-family: &quot;Open Sans&quot;, sans-serif; line-height: 0; padding-top: 0px; padding-bottom: 0px;\"><p dir=\"ltr\" role=\"presentation\" class=\"zfr3Q CDt4Ke \" style=\"margin: 0pt 0px 0pt 0pt; outline: none; position: relative; text-decoration: inherit; font-size: 12pt; font-style: inherit; line-height: 1.8; padding: 0pt; background-color: transparent; border-width: initial; border-style: none; border-color: initial; text-align: justify; text-indent: 0pt;\"><span class=\"C9DxTc \" style=\"color: rgb(0, 0, 0); font-family: Comfortaa, Arial;\">Surat pernyataan kesanggupan mengumpulkan zakat, infak, sedekah, dan dana sosial keagamaan lainnya dengan jumlah minimal sesuai skala per tahun;</span></p></li></ol><p dir=\"ltr\" class=\"zfr3Q CDt4Ke \" style=\"font-variant-ligatures: none; margin: 0pt 0px 0pt 15pt; outline: none; position: relative; text-decoration-line: inherit; color: rgb(33, 33, 33); font-size: 16px; font-family: &quot;Open Sans&quot;, sans-serif; line-height: 1.8; text-indent: 0pt; background-color: transparent; border-width: initial; border-style: none; border-color: initial; padding: 0pt; text-align: justify;\"><span class=\"C9DxTc \" style=\"color: rgb(0, 0, 0); font-family: Comfortaa, Arial;\">a.</span><span class=\"C9DxTc \" style=\"color: rgb(0, 0, 0); font-family: Comfortaa, Arial;\">&nbsp;&nbsp;&nbsp;</span><span class=\"C9DxTc \" style=\"color: rgb(0, 0, 0); font-family: Comfortaa, Arial;\">Nasional (paling sedikit Rp50.000.000.000,00)</span></p><p dir=\"ltr\" class=\"zfr3Q CDt4Ke \" style=\"font-variant-ligatures: none; margin: 0pt 0px 0pt 15pt; outline: none; position: relative; text-decoration-line: inherit; color: rgb(33, 33, 33); font-size: 16px; font-family: &quot;Open Sans&quot;, sans-serif; line-height: 1.8; text-indent: 0pt; background-color: transparent; border-width: initial; border-style: none; border-color: initial; padding: 0pt; text-align: justify;\"><span class=\"C9DxTc \" style=\"color: rgb(0, 0, 0); font-family: Comfortaa, Arial;\">b.</span><span class=\"C9DxTc \" style=\"color: rgb(0, 0, 0); font-family: Comfortaa, Arial;\">&nbsp;&nbsp;&nbsp;</span><span class=\"C9DxTc \" style=\"color: rgb(0, 0, 0); font-family: Comfortaa, Arial;\">Provinsi (paling sedikit Rp20.000.000.000,00)</span></p><p dir=\"ltr\" class=\"zfr3Q CDt4Ke \" style=\"font-variant-ligatures: none; margin: 0pt 0px 0pt 15pt; outline: none; position: relative; text-decoration-line: inherit; color: rgb(33, 33, 33); font-size: 16px; font-family: &quot;Open Sans&quot;, sans-serif; line-height: 1.8; text-indent: 0pt; background-color: transparent; border-width: initial; border-style: none; border-color: initial; padding: 0pt; text-align: justify;\"><span class=\"C9DxTc \" style=\"color: rgb(0, 0, 0); font-family: Comfortaa, Arial;\">c.</span><span class=\"C9DxTc \" style=\"color: rgb(0, 0, 0); font-family: Comfortaa, Arial;\">&nbsp; &nbsp;&nbsp;</span><span class=\"C9DxTc \" style=\"color: rgb(0, 0, 0); font-family: Comfortaa, Arial;\">Kabupaten/Kota (paling sedikit Rp3.000.000.000,00)</span></p><ol start=\"13\" class=\"n8H08c BKnRcf \" style=\"padding: 0px; margin: 6px 0px 0px; font-size: 16px;\"><li dir=\"ltr\" class=\"zfr3Q TYR86d lsiHE \" style=\"font-variant-ligatures: none; margin: 0px 0px 0px 15pt; outline: none; position: relative; text-decoration: inherit; color: rgb(33, 33, 33); font-size: 12pt; font-style: inherit; font-family: &quot;Open Sans&quot;, sans-serif; line-height: 0; padding-top: 0px;\"><p dir=\"ltr\" role=\"presentation\" class=\"zfr3Q CDt4Ke \" style=\"margin: 0pt 0px 0pt 0pt; outline: none; position: relative; text-decoration: inherit; font-size: 12pt; font-style: inherit; line-height: 1.8; padding: 0pt; background-color: transparent; border-width: initial; border-style: none; border-color: initial; text-align: justify; text-indent: 0pt;\"><span class=\"C9DxTc \" style=\"color: rgb(0, 0, 0); font-family: Comfortaa, Arial;\">Pernyataan kesediaan berkoordinasi dengan pemerintah daerah dan BAZNAS Provinsi/Kabupaten/Kota dalam hal membuka perwakilan LAZ Berskala Nasional / Provinsi;&nbsp;</span><span class=\"C9DxTc \" style=\"color: rgb(0, 0, 0); font-family: Comfortaa, Arial;\">[Hanya untuk Skala Nasional dan Skala Provinsi]</span></p></li><li dir=\"ltr\" class=\"zfr3Q TYR86d lsiHE \" style=\"font-variant-ligatures: none; margin: 6px 0px 0px 15pt; outline: none; position: relative; text-decoration: inherit; color: rgb(33, 33, 33); font-size: 12pt; font-style: inherit; font-family: &quot;Open Sans&quot;, sans-serif; line-height: 0; padding-bottom: 0px;\"><p dir=\"ltr\" role=\"presentation\" class=\"zfr3Q CDt4Ke \" style=\"margin: 0pt 0px 0pt 0pt; outline: none; position: relative; text-decoration: inherit; font-size: 12pt; font-style: inherit; line-height: 1.8; padding: 0pt; background-color: transparent; border-width: initial; border-style: none; border-color: initial; text-align: justify; text-indent: 0pt;\"><span class=\"C9DxTc \" style=\"color: rgb(0, 0, 0); font-family: Comfortaa, Arial;\">Pernyataan tidak terafiliasi dengan partai politik.</span></p></li></ol>', NULL, NULL, '9cbda6bb-b5ee-4be5-bcea-287fd3f5b6b7'),
('24369568-e40c-47d7-b73e-1f6d0130d9c4', 'Produk Layanan Rekomendasi LAZ', NULL, NULL, 'content', NULL, '<ul class=\"n8H08c UVNKR \" style=\"list-style-type: square; padding: 0px; margin-right: 0px; margin-bottom: 0px; margin-left: 0px; font-size: 16px;\"><li dir=\"ltr\" class=\"zfr3Q TYR86d eD0Rn \" style=\"font-variant-ligatures: none; margin: 0px 0px 0px 15pt; outline: none; position: relative; text-decoration: inherit; color: rgb(33, 33, 33); font-size: 12pt; font-style: inherit; font-family: &quot;Open Sans&quot;, sans-serif; line-height: 0; padding-top: 0px;\"><p dir=\"ltr\" role=\"presentation\" class=\"zfr3Q CDt4Ke \" style=\"margin-right: 0px; margin-bottom: 0px; margin-left: 0pt; outline: none; position: relative; text-decoration: inherit; font-size: 12pt; font-style: inherit; line-height: 1.8; padding-top: 0px; padding-bottom: 0px; padding-left: 0pt; text-indent: 0pt;\"><span class=\"C9DxTc \" style=\"color: rgb(0, 0, 0); font-family: Comfortaa, Arial;\">Rekomendasi Izin Pembentukan Lembaga Amil Zakat</span></p></li><li dir=\"ltr\" class=\"zfr3Q TYR86d eD0Rn \" style=\"font-variant-ligatures: none; margin: 6px 0px 0px 15pt; outline: none; position: relative; text-decoration: inherit; color: rgb(33, 33, 33); font-size: 12pt; font-style: inherit; font-family: &quot;Open Sans&quot;, sans-serif; line-height: 0; padding-bottom: 0px;\"><p dir=\"ltr\" role=\"presentation\" class=\"zfr3Q CDt4Ke \" style=\"margin: 0pt 0px 0pt 0pt; outline: none; position: relative; text-decoration: inherit; font-size: 12pt; font-style: inherit; line-height: 1.8; padding: 0pt; background-color: transparent; border-width: initial; border-style: none; border-color: initial; text-align: justify; text-indent: 0pt;\"><span class=\"C9DxTc \" style=\"color: rgb(0, 0, 0); font-family: Comfortaa, Arial;\">Rekomendasi Izin Perpanjangan Lembaga Amil Zakat</span><span class=\"C9DxTc \" style=\"color: rgb(0, 0, 0); font-family: Comfortaa, Arial; font-size: 11pt; vertical-align: baseline;\">&nbsp;</span></p></li></ul>', NULL, NULL, '9cbda6bb-b5ee-4be5-bcea-287fd3f5b6b7'),
('543b77d1-3b65-427d-92d3-1664ea740550', 'Alur Permohonan Rekomendasi LAZ', NULL, NULL, 'content', NULL, '<p><img style=\"width: 744px;\" src=\"/storage/uploads/temp/bb929825-88fd-4d61-bd2f-de568cea50d8.png\"><br></p>', NULL, NULL, '9cbda6bb-b5ee-4be5-bcea-287fd3f5b6b7'),
('5d828e1e-78ff-412c-b877-529d89f93900', 'Jam Layanan Rekomendasi', NULL, NULL, 'content', NULL, '<span style=\"font-family: Comfortaa, Arial; font-size: 16px; font-variant-ligatures: none;\">Senin-Jumat : 08:00 - 17:00 WIB</span>', NULL, NULL, '9cbda6bb-b5ee-4be5-bcea-287fd3f5b6b7'),
('6778162c-e2da-4cbe-9757-98c6c47c6639', 'Alat Bantu Dengar', NULL, '', 'image', '/storage/uploads/custom-page/0ad05be5-396b-4369-92d0-bef65ef7710c.png', NULL, NULL, NULL, '9cbdadd5-6a0c-4ded-8c89-0506ea38800e'),
('6e32719a-719e-4fb9-8380-99eadf214f5f', 'Biaya/Tarif', NULL, NULL, 'content', NULL, '<span style=\"font-family: Comfortaa, Arial; font-size: 16px; font-variant-ligatures: none;\">Tidak Dipungut Biaya (Gratis) pada seluruh proses pemberian rekomendasi&nbsp;</span>', NULL, NULL, '9cbda6bb-b5ee-4be5-bcea-287fd3f5b6b7'),
('736a5c99-219f-4ee3-ac01-dbf0e7ab8176', 'Formulir Checklist Persyaratan Rekomendasi LAZ', NULL, NULL, 'content', NULL, '<ul class=\"n8H08c UVNKR \" style=\"list-style-type: square; padding: 0px; margin-right: 0px; margin-bottom: 0px; margin-left: 0px; font-size: 16px;\"><li dir=\"ltr\" class=\"zfr3Q TYR86d eD0Rn \" style=\"font-variant-ligatures: none; margin: 0px 0px 0px 15pt; outline: none; position: relative; text-decoration: inherit; color: rgb(33, 33, 33); font-size: 12pt; font-style: inherit; font-family: &quot;Open Sans&quot;, sans-serif; line-height: 0; padding-top: 0px;\"><p dir=\"ltr\" role=\"presentation\" class=\"zfr3Q CDt4Ke \" style=\"margin: 0pt 0px 0pt 0pt; outline: none; position: relative; text-decoration: inherit; font-size: 12pt; font-style: inherit; line-height: 1.8; padding: 0pt; background-color: transparent; border-width: initial; border-style: none; border-color: initial; text-align: justify; text-indent: 0pt;\"><span class=\"C9DxTc \" style=\"font-family: Comfortaa, Arial;\">Lembar Verifikasi Administrasi&nbsp;</span><span class=\"C9DxTc \" style=\"font-family: Comfortaa, Arial;\">Permohonan Rekomendasi Izin&nbsp;</span><a class=\"XqQF9c\" href=\"https://drive.google.com/file/d/1SZqJqjg_mIcz9ubnkkKuHavbXSuUiCoD/view\" target=\"_blank\" style=\"color: inherit; text-decoration: none; pointer-events: all;\"><span class=\"C9DxTc \" style=\"color: rgb(0, 0, 255); font-family: Comfortaa, Arial; text-decoration-line: underline;\">Pembentukan</span></a><span class=\"C9DxTc \" style=\"font-family: Comfortaa, Arial;\">&nbsp;LAZ</span><span class=\"C9DxTc \" style=\"color: rgb(0, 0, 0); font-family: Comfortaa, Arial;\">&nbsp;</span></p></li><li dir=\"ltr\" class=\"zfr3Q TYR86d eD0Rn \" style=\"font-variant-ligatures: none; margin: 6px 0px 0px 15pt; outline: none; position: relative; text-decoration: inherit; color: rgb(33, 33, 33); font-size: 12pt; font-style: inherit; font-family: &quot;Open Sans&quot;, sans-serif; line-height: 0; padding-bottom: 0px;\"><p dir=\"ltr\" role=\"presentation\" class=\"zfr3Q CDt4Ke \" style=\"margin: 0pt 0px 0pt 0pt; outline: none; position: relative; text-decoration: inherit; font-size: 12pt; font-style: inherit; line-height: 1.8; padding: 0pt; background-color: transparent; border-width: initial; border-style: none; border-color: initial; text-align: justify; text-indent: 0pt;\"><span class=\"C9DxTc \" style=\"color: rgb(0, 0, 0); font-family: Comfortaa, Arial;\">Lembar Verifikasi Administrasi&nbsp;</span><span class=\"C9DxTc \" style=\"color: rgb(0, 0, 0); font-family: Comfortaa, Arial;\">Permohonan Rekomendasi Izin&nbsp;</span><a class=\"XqQF9c\" href=\"https://drive.google.com/file/d/1FtZgXesI1lP34xcTsZ9Mrs17OVu45PzN/view\" target=\"_blank\" style=\"color: inherit; text-decoration: none; pointer-events: all;\"><span class=\"C9DxTc \" style=\"color: rgb(0, 0, 255); font-family: Comfortaa, Arial; text-decoration-line: underline;\">Perpanjangan</span></a><span class=\"C9DxTc \" style=\"color: rgb(0, 0, 0); font-family: Comfortaa, Arial;\">&nbsp;LAZ</span></p></li></ul>', NULL, NULL, '9cbda6bb-b5ee-4be5-bcea-287fd3f5b6b7'),
('7bab6a60-4d09-43bb-a21e-f2ce4635c7c0', 'Sign Komunikasi Non Verbal', NULL, '', 'image', '/storage/uploads/custom-page/73679290-039e-4c15-9bf0-a689843f006f.png', NULL, NULL, NULL, '9cbdadd5-6a0c-4ded-8c89-0506ea38800e'),
('852fb289-f705-4b35-a61a-1175b10b40e0', 'Guiding Block', NULL, '', 'image', '/storage/uploads/custom-page/c397b023-9df6-4b43-aabc-ed28a8842712.png', NULL, NULL, NULL, '9cbdadd5-6a0c-4ded-8c89-0506ea38800e'),
('b97785b0-e383-4e29-81d5-542a57188541', 'Kursi Roda dan Akses Jalan', NULL, '', 'image', '/storage/uploads/custom-page/42ca5d39-7e50-411e-87b9-e8a36d19e69f.png', NULL, NULL, NULL, '9cbdadd5-6a0c-4ded-8c89-0506ea38800e'),
('c8653880-e2dd-42f4-9a0e-b877f3d7749a', 'Informasi Layanan', NULL, NULL, 'content', NULL, '<p dir=\"ltr\" class=\"zfr3Q CDt4Ke \" style=\"font-variant-ligatures: none; margin-right: 0px; margin-bottom: 0px; margin-left: 0px; outline: none; position: relative; text-decoration-line: inherit; color: rgb(33, 33, 33); font-size: 16px; font-family: &quot;Open Sans&quot;, sans-serif; line-height: 1.8; padding-top: 0px;\"><span class=\"C9DxTc \" style=\"color: rgb(0, 0, 0); font-family: Comfortaa, Arial;\">Farhan (+62 812-2440-2848)</span></p><p dir=\"ltr\" class=\"zfr3Q CDt4Ke \" style=\"font-variant-ligatures: none; margin: 0pt 0px; outline: none; position: relative; text-decoration-line: inherit; color: rgb(33, 33, 33); font-size: 16px; font-family: &quot;Open Sans&quot;, sans-serif; line-height: 1.8; background-color: transparent; border-width: initial; border-style: none; border-color: initial; padding: 0pt;\"><span class=\"C9DxTc \" style=\"color: rgb(0, 0, 0); font-family: Comfortaa, Arial;\">Dodik (+62 856-4572-8365)</span></p><p dir=\"ltr\" class=\"zfr3Q CDt4Ke \" style=\"font-variant-ligatures: none; margin: 0pt 0px; outline: none; position: relative; text-decoration-line: inherit; color: rgb(33, 33, 33); font-size: 16px; font-family: &quot;Open Sans&quot;, sans-serif; line-height: 1.8; padding: 0pt; background-color: transparent; border-width: initial; border-style: none; border-color: initial;\"><span class=\"C9DxTc \" style=\"color: rgb(0, 0, 0); font-family: Comfortaa, Arial;\">rekomendasi.laz@baznas.go.id</span></p>', NULL, NULL, '9cbda6bb-b5ee-4be5-bcea-287fd3f5b6b7'),
('d3a0d1c5-755d-4d58-8c2e-fd81baadf6b8', 'Motto Layanan Rekomendasi', NULL, NULL, 'content', NULL, '&nbsp;Melayani Sepenuh Hati&nbsp;', NULL, NULL, '9cbda6bb-b5ee-4be5-bcea-287fd3f5b6b7');

--
-- Dumping data untuk tabel `kantor_dan_layanan_ppid`
--

INSERT INTO `kantor_dan_layanan_ppid` (`id`, `nama_kantor`, `alamat`, `telepon`, `email`, `created_at`, `updated_at`) VALUES
('9cbd9f53-e3e8-4625-a7ae-0195683e58ce', 'Official BAZNAS Jawa Barat', 'Jl.Soekarno-Hatta No.458, Batununggal, Bandung Kidul, Bandung 40266 (022) 87315606', '02287315606', 'baznasprov.jabar@baznas.go.id', '2024-08-11 06:19:18', '2024-08-13 20:57:22');

--
-- Dumping data untuk tabel `laporan_lists`
--

INSERT INTO `laporan_lists` (`id`, `nama`, `type`, `url`, `page_id`, `created_at`, `updated_at`) VALUES
('9cbef37b-5b01-47fe-a9fd-f96d347a8b9e', 'Laporan Keuangan', 'url', 'https://baznasjabar.org/content/laporan-pengelolaan-zakat', NULL, '2024-08-11 22:10:26', '2024-08-12 21:23:18');

--
-- Dumping data untuk tabel `layanan_informasi_lists`
--

INSERT INTO `layanan_informasi_lists` (`id`, `nama`, `type`, `url`, `page_id`, `created_at`, `updated_at`) VALUES
('9cbda867-e428-489c-8a3d-65163edfda25', 'Rekomendasi Laz', 'page', 'http://127.0.0.1:8000/page/9cbda6bb-b5ee-4be5-bcea-287fd3f5b6b7/persyaratan-rekomendasi-izin-pembentukan-dan-perpanjangan-laz', '9cbda6bb-b5ee-4be5-bcea-287fd3f5b6b7', '2024-08-11 06:44:41', '2024-08-11 06:44:41'),
('9cbda9ad-6498-4c04-ad4c-8215e62bce78', 'Maklumat Pelayanan', 'page', 'http://127.0.0.1:8000/page/9cbda98c-36a4-4842-9b20-26a192ea0e95/maklumat-pelayanan', '9cbda98c-36a4-4842-9b20-26a192ea0e95', '2024-08-11 06:48:14', '2024-08-11 06:48:14'),
('9cbdaa71-1220-4a08-b810-a77f7a024e5d', 'Waktu dan Biaya Layanan', 'page', 'http://127.0.0.1:8000/page/9cbdaa39-8962-487e-8eab-a679a0b1fda1/waktu-dan-biaya-layanan', '9cbdaa39-8962-487e-8eab-a679a0b1fda1', '2024-08-11 06:50:22', '2024-08-11 06:50:22'),
('9cbdae1a-7f99-4a7a-a05d-a977b9a47e62', 'Ramah Disabilitas', 'page', 'http://127.0.0.1:8000/page/9cbdadd5-6a0c-4ded-8c89-0506ea38800e/ppid-baznas-jabar-ramah-disabilitas', '9cbdadd5-6a0c-4ded-8c89-0506ea38800e', '2024-08-11 07:00:37', '2024-08-11 07:00:37');

--
-- Dumping data untuk tabel `migrations`
--
--
-- Dumping data untuk tabel `pages`
--

INSERT INTO `pages` (`id`, `title`, `content`, `additional_content`, `show_on_setting`, `posting_at`, `created_at`, `updated_at`) VALUES
('9cbd9b70-05d1-48be-8f76-c6888972be5a', 'Profile BAZNAS Provinsi Jawa Barat', '<figure class=\"image image_resized\" style=\"width:25%;\"><img style=\"aspect-ratio:731/572;\" src=\"http://127.0.0.1:8000/image/icon.png\" alt=\"baznas jabar\" width=\"731\" height=\"572\"></figure><p><a target=\"_blank\" rel=\"noopener noreferrer\" href=\"https://baznasjabar.org/\"><u>BAZNAS&nbsp;Provinsi&nbsp;Jawa&nbsp;Barat</u></a>&nbsp;merupakan Lembaga formal yang berwenang menghimpun dan mendistribusikan Zakat, Infak, sedekah&nbsp;dan Dana sosial keagamaan lainnya berdasarkan&nbsp;&nbsp; :</p><ul style=\"list-style-type:disc;\"><li><p style=\"margin-left:0px;\">UU 23 Tahun 2011 tentang pengelolaan zakat.</p></li><li><p style=\"margin-left:0px;\">PP 14 Tahun 2014 tentang pelaksanaan UU Nomor 23 Tahun 2011 tentang pengelolaan zakat.</p></li><li><p style=\"margin-left:0px;\">Keputusan Menteri Agama RI No. 186 Tahun 2016 tentang perubahan atas Keputusan Menteri Agama Nomor 118 Tahun 2014 tentang pembentukan badan amil zakat nasional</p></li><li><p style=\"margin-left:0px;\">Keputusan Gubernur Jawa Barat Nomor 12/Kep.919Yansos/2016 tentang perubahan atas keputusan Gubernur Jawa Barat Nomor 450.12/ Kep.156Yansos/2015 tentang Pimpinan Badan Amil Zakat Nasional (BAZNAS) Provinsi Jawa Barat.</p></li><li><p style=\"margin-left:0px;\">SKT (Surat Keterangan Terdaftar) Kesbangpol Provinsi Jawa Barat Nomor 001100/00019/XI/20</p></li></ul><p><strong>NOMOR POKOK WAJIB PAJAK (NPWP)</strong></p><p>31.500.662.7423.000</p><p><strong>SEJARAH SINGKAT</strong></p><p>Cikal Bakal BAZNAS Provinsi Jawa Barat sekitar tahun 1998 pada masa Kepemimpinan Bapak H. Nuryana bernama BAZIS yang pengelolaannya dibawah Biro Yansos PEMPROV JABAR, Kemudian agar lebih Independen maka pengelolaannya dilimpahkan kepada Ummat Islam melalui Ormas  ormas Islam.</p><p>Sebagai bentuk respon atas pelimpahan pengelolaan tersebut maka pada tahun tersebut (1998) diadakan RAKERDA bertempat di Islamic Centre Pusdai JABAR melibatkan elemen Ormas  ormas Islam di Jawa Barat untuk membahas berbagai hal tentang pegelolaan BAZIZ, kemudian terbentuklah kepengurusan dan terpilih sebagai Ketua Umumnya Bapak Prof. H. Taufiqulloh, Setelah berjalan cukup lama BAZIS kemudian bertransformasi menjadi BAZ Provinsi Jawa Barat atau dikenal juga dengan BAZDA. Pada tahun 2004 terjadi pergantian pengurus, dan terpilih sebagai ketua umumnya Bpk. H.M. Suryani Ichsan.</p><p>Sekitar Tahun 2010 pada masa kepemimpinan Bpk. H. Ahmad Heryawan, untuk meningkatkan kesejahteraan PNS, diterbitkan kebijakan TPP (Tambahan Penghasilan Pegawai) di luar gaji, dan Beliau mengintruksikan agar setiap PNS menyisihkan dari TPP sebesar 2,5% untuk zakat dengan cara dipotong langsung setiap bulan, maka terkumpul dana zakat yang cukup besar, kemudian dibentuklah UPZ PEMPROV JABAR dipimpin oleh ASDA 1.</p><p>Pada akhir tahun 2014, Gubernur mengintruksikan agar BAZ Provinsi Jawa Barat atau BAZNDA menyesuaikan dengan UU. No. 23 Tahun 2011 tentang pengelolaan zakat, setelah diterbitkannya PP. No.14 Tahun 2014. Setelah terbitnya PP. tersebut, maka disusul dengan terbitnya Keputusan Menteri Agama Republik Indonesia Nomor 118 tahun 2014 tentang Pembentukan Badan Amil Zakat Nasional&nbsp; Provinsi, maka BAZ Provinsi Jawa Barat atau BAZDA secara kelembagaan diubah menjadi BAZNAS Provinsi Jawa Barat. Kemudian ditindaklanjuti dengan pembentukan tim seleksi calon pimpinan.</p><p>Gubernur Jawa Barat pada bulan Oktober 2014 mengeluarkan SK. Pembentukan tim seleksi Calon Pimpinan BAZNAS Provinsi Jawa Barat. Maka terpilihlah para Calon Pimpinan dan mendapatkan pertimbangan dari BAZNAS di awal tahun 2015, kemudian dikukuhkan oleh Gubernur Jawa Barat pada tanggal 23 Januari 2015.</p><p><strong>VISI&nbsp;</strong></p><p>Menjadi Pengelola Zakat Pilihan Masyarakat yang Unggul dan Kompetitif di Tingkat Nasional dalam Mewujudkan Jabar Juara Lahir Batin.</p><p><strong>MISI</strong></p><ul style=\"list-style-type:disc;\"><li><p style=\"margin-left:0px;\">1.&nbsp;&nbsp;Meningkatkan pertumbuhan penghimpunan secara eksponensial melalui sinergi dengan 27 BAZNAS Kabupaten/Kota se-Jawa Barat;2.&nbsp;Mensinergikan program-program penghimpunan dan pendayagunaan zakat dengan program-program pembangunan sosial di Provinsi Jawa Barat;3.&nbsp;Menumbuhan dan mengoptimalkan daya dukung UPZ pada pertumbuhan penghimpunan zakat di Jawa Barat;4.&nbsp;&nbsp;&nbsp;Meningkatkan indeks kepuasan dari&nbsp;<i>stakeholder</i>&nbsp;zakat Jawa Barat;5.&nbsp;&nbsp;Menerapkan sistem manajemen yang terintegrasi, transparan dan akuntabel melalui digitalisasi prosespengelolaan lembaga berbasis teknologi terkini;6.&nbsp;&nbsp;Mengkoordinasikan seluruh OPZ di Jawa Barat dalam mencapai&nbsp; target pengelolaan zakat secara Nasional;7.&nbsp;&nbsp;Mengoptimalkan pendistribusian dan pendayagunaan zakat untuk mengurangi angka kemiskinan, peningkatan kesejahteraan masyarakat, dan pemoderasian kesenjangan sosial;8.&nbsp;&nbsp;Menggerakkan dakwah Islam dan mengkonsolidasikan seluruh elemen umat Islam menuju kebangkitan zakat melalui gerakan sadar zakat di Provinsi Jawa Barat;9.&nbsp; &nbsp;Mengembangkan kompetensi amil zakat yang memegang teguh profesional, responsif, berintegritas, berbasis sinergi untuk kemaslahatan umat dan menjadi rujukan di tingkat Nasional; dan10.&nbsp;Menjadikan lembaga sebagai tempat pilihan bekerja dan pengembangan karir para amil zakat dalam rangka membangun kesalehan pribadi dan sosial.</p></li></ul><p><strong>VALUE</strong></p><p>Nilai&nbsp;<i>(value)</i>&nbsp;adalah ciri khas BAZNAS Provinsi Jawa Barat yang ingin dipersepsikan oleh masyarakat secara luas. BAZNAS Provinsi Jawa Barat memilih nilai-nilai luhur Islami yang dapat mengantarkan pada keunggulan sebagai pengelola ZIS tingkat nasional. Nilai-nilai diimplementasikan dalam&nbsp;<strong>PRISMA  Semangat Budaya Kerja&nbsp;</strong>sebagai berikut:</p><ul style=\"list-style-type:disc;\"><li><p style=\"margin-left:0px;\">Profesional</p></li><li><p style=\"margin-left:0px;\">Responsif</p></li><li><p style=\"margin-left:0px;\">Integritas</p></li><li><p style=\"margin-left:0px;\">Sinergi</p></li><li><p style=\"margin-left:0px;\">Maslahat</p></li><li><p style=\"margin-left:0px;\">Adil</p></li></ul><p><strong>KEWAJIBAN BAZNAS PROVINSI</strong></p><ul style=\"list-style-type:disc;\"><li><p style=\"margin-left:0px;\">Melakukan perencanaan, pelaksanaan, dan pengendalian atas pengumpulan, pendistribusian, dan pendayagunaan zakat di tingkat provinsi;</p></li><li><p style=\"margin-left:0px;\">Melakukan koordinasi dengan kantor wilayah kementerian agama dan instansi terkait di tingkat provinsi dalam pelaksanaan pengumpulan, pendistribusian, dan pendayagunaan zakat; dan</p></li><li><p style=\"margin-left:0px;\">Melaporkan dan mempertanggunjawabkan Pengelolaan Zakat, infak dan sedekah, serta dana sosial keagamaan lainnya kepada BAZNAS dan Gubernur.</p></li></ul><p><strong>PENGHARGAAN</strong></p><ul style=\"list-style-type:disc;\"><li><p style=\"margin-left:0px;\">BAZNAS Provinsi Jawa Barat telah Terakreditasi Internasional (ISO 9001:2015) dalam Penerapan Sistem Manajemen Mutu Tahun 2018</p></li><li><p style=\"margin-left:0px;\">Berhasil mendapatkan opini WTP (Wajar Tanpa Pengecualian) selama 5 tahun berturut  turut, yaitu sejak tahun 2015 sd. tahun 2019 dari Kantor Akuntan Publik (KAP) yang kompeten dalam mengaudit laporan keuangan zakat.</p></li><li><p style=\"margin-left:0px;\">Berhasil mendapatkan predikat Sesuai Syariah dengan predikat A (Amat Baik) sebagai Lemabaga Pengelola Zakat dari Kementerian Agama RI, di tahun 2018</p></li></ul><p><strong>PROFIL PIMPINAN BAZNAS PROVINSI JAWA BARAT</strong></p><figure class=\"image\" style=\"height:auto;\"><img style=\"aspect-ratio:664/357;\" src=\"https://www.baznasjabar.org/images/summernote/1623906215_60cad7a7dca99.jpeg\" alt=\"\" width=\"664\" height=\"357\"></figure><p>Drs. Anang Jauharuddin, M.M.Pd merupakan Warga Negara Indonesia, lahir pada 12 April 1957 dan berdomisili di Subang. Drs. Anang Jauharuddin, M.M.Pd diangkat menjadi Pimpinan BAZNAS Provinsi Jawa Barat Periode 2020-2025 pada tanggal 14 Oktober 2020 dan diantik oleh Dr. H Mochamd Ridwan Kamil S.T., M.U.D, selaku Gubernur Provinsi Jawa Barat.</p><p>Sebelum menjabat sebagai Ketua BAZNAS Provinsi Jawa Barat, Anang Jauharuddin aktif mengajar hingga menjadi kepala sekolah. Selain itu Anang Jauharuddin pernah menjabat sebagai Sekretaris Badan Kepegawaian Daerah Kab.Subang (2008  2012), Kepala Dinas Kelautan dan Perikanan Kab.Subang Tahun 2012  2013 (pensiun), Wakil Ketua Tanfidziyah PCNU Kab. Subang 2018 s.d 2023, Ketua Badan Amil Zakat Nasional Kab.Subang (2014-2019).</p><figure class=\"image\" style=\"height:auto;\"><img style=\"aspect-ratio:664/357;\" src=\"https://www.baznasjabar.org/images/summernote/1623906246_60cad7c691280.jpeg\" alt=\"\" width=\"664\" height=\"357\"></figure><p>Ir Rachmat Ari Kusumanto merupakan Warga Negara Indonesia, lahir di Bandung pada 23 Desember 1972 dan saat ini berdomisil di Bandung. Ir Rachmat Ari Kusumanto diangkat menjadi Pimpinan BAZNAS Provinsi Jawa Barat Periode 2020-2025 pada tanggal 14 Oktober 2020 dan diantik oleh Dr. H Mochamd Ridwan Kamil S.T., M.U.D, selaku Gubernur Provinsi Jawa Barat..</p><p>Sebelum menjabat sebagai Wakil Ketua I Bidang Penghimpuna, Rachmat Ari Kusumanto menjabat sebagai Wakil Bendahara Badan Wakaf Indonesia (2017-2020), Executive Direktur di yayasan Wakaf Bangun Nurani Bangsa ESQ (2016-2018) , SVP Group Head Sampoerna Financial (2011-2016), CEO Rumah Zakat (2009-2011), Senior Manager Bank Permata Syariah (2003-2008).</p><figure class=\"image\" style=\"height:auto;\"><img style=\"aspect-ratio:664/357;\" src=\"https://www.baznasjabar.org/images/summernote/1623906283_60cad7eb30f1b.jpeg\" alt=\"\" width=\"664\" height=\"357\"></figure><p>Dr. H. Ali Khosim SHI., M.Ag merupakan Warga Negara Indonesia, lahir di Cirebon pada tanggal 4 Juni 1977. Dr. H. Ali Khosim SHI., M.Ag diangkat diangkat menjadi Pimpinan BAZNAS Provinsi Jawa Barat Periode 2020-2025 pada tanggal 14 Oktober 2020 dan diantik oleh Dr. H Mochamd Ridwan Kamil S.T., M.U.D, selaku Gubernur Provinsi Jawa Barat.</p><p>Ali Khosim meraih gelar doktor di UIN Sunan Gunung Djati Bandung. Sebelum menjabat Sebagai Wakil Ketua IV Bidang Pendistribusian Dan Pendayagunaan, Ali Khosim aktif mengajar pendidikan tingkat SMA dan sampai saat ini berprofesi sebagai dosen UIN Sunan Gunung Djati Bandung.</p><figure class=\"image\" style=\"height:auto;\"><img style=\"aspect-ratio:664/357;\" src=\"https://www.baznasjabar.org/images/summernote/1623906318_60cad80e79e7a.jpeg\" alt=\"\" width=\"664\" height=\"357\"></figure><p>H. Achmad Ridwan S.E., MM merupakan Warga Negara Indonesia, kelahiran Jakarta pada tanggal 2 Agustus 1969. H.Achmad Ridwan S.E., MM, diangkat menjadi Pimpinan BAZNAS Provinsi Jawa Barat Periode 2020-2025 pada tanggal 14 Oktober 2020 dan diantik oleh Dr. H Mochamd Ridwan Kamil S.T., M.U.D, selaku Gubernur Provinsi Jawa Barat.</p><p>Latar belakang Achmad Ridwan sebagai lulusan sarjana ekonomi dan magister manajemen serta pendidikan informal di bidang audit dan seminar Word Zakat Forum. Sebelum menjabat sebagai Wakil Ketua III Bidang Perencanaan, Keuanga, dan Pelaporan, Achmad Ridwan sudah lama berkarir sebagai direktur keuangan di berbagai perusahaan. Achmad Ridwan juga aktif di bidang kemanusiaan, sosial dan keagamaan, diantaranya pernah menjabat sebagai ketua Pembina LAZ Ucare Indonesia di Bekasi (2017- 2020), Dewan Pengawas Yayasan Ukhuwah  Sosial dan Kemanusiaan (2006-2020), sejak 2014 Achmad Ridwan sudah mengunjungi hampir semua kabupaten kota di Jawa Barat serta beberapa daerah di luar Jawa Barat untuk mentraining relawan dan amil zakat.</p><figure class=\"image\" style=\"height:auto;\"><img style=\"aspect-ratio:664/357;\" src=\"https://www.baznasjabar.org/images/summernote/1623906379_60cad84b94a24.jpeg\" alt=\"\" width=\"664\" height=\"357\"></figure><p>H. Achmad Faisal, S.Pd merupakan Warga Negara Indonesia, lahir dan berdomisili di Bandung. Lahir pada tanggal 6 Desember 1977. H. Achmad Faisal, S.Pd diangkat menjadi Pimpinan BAZNAS Provinsi Jawa Barat Periode 2020-2025 pada tanggal 14 Oktober 2020 dan diantik oleh Dr. H Mochamd Ridwan Kamil S.T., M.U.D, selaku Gubernur Provinsi Jawa Barat.</p><p>Sebelum menjabat sebagai Wakil Ketua IV Bidang SDM, Administrasi, dan Umum, Achmad Faisal menjadi pengajar di beberapa sekolah, general manager Pusat Zakat Umat (LAZNAS) Pada tahun 2003 sampai 2008, manajer bisnis tabloid al-hikmah di Dompet Dhuafa Jabar (2008-2009), Promotor dan Licensed Trainer &nbsp;(2012- 2020), CEO dan Owner Kopi Bray.</p>', NULL, 0, '2024-08-13 03:56:09', '2024-08-11 06:08:25', '2024-08-12 20:56:09'),
('9cbd9b70-0891-48a5-8914-53b3d0e1ebd1', 'Tugas Dan Fungsi', '<p style=\"margin-left:0px;\"><span style=\"color:hsl(118,85%,23%);font-family:Montserrat, Arial;font-size:18px;\"><strong>Tugas PPID BAZNAS Jabar</strong></span></p><ol><li><p style=\"text-align:justify;\"><span style=\"font-family:&quot;Arial Narrow&quot;,sans-serif;\"><mark class=\"pen-green\"><strong>TUGAS DAN FUNGSI</strong></mark></span></p></li></ol><p style=\"margin-left:40px;text-align:justify;\"><span style=\"color:black;font-family:&quot;Arial Narrow&quot;,sans-serif;\">Pejabat Pengelola Informasi dan Dokumentasi di lingkungan Badan Amil Zakat Nasional (BAZNAS) Provinsi Jawa Barat memiliki tugas:</span></p><ul><li><p style=\"margin-left:80px;\">Melakukan perencanaan, pelaksanaan, dan pengendalian atas pengumpulan, pendistribusian, dan pendayagunaan zakat di tingkat provinsi;</p></li><li><p style=\"margin-left:80px;\">Melakukan koordinasi dengan kantor wilayah kementerian agama dan instansi terkait di tingkat provinsi dalam pelaksanaan pengumpulan, pendistribusian, dan pendayagunaan zakat; dan</p></li><li><p style=\"margin-left:80px;\">Melaporkan dan mempertanggunjawabkan Pengelolaan Zakat, infak dan sedekah, serta dana sosial keagamaan lainnya kepada BAZNAS dan Gubernur.</p></li></ul><p style=\"margin-left:0px;\">&nbsp;</p>', NULL, 0, '2024-08-14 02:20:44', '2024-08-11 06:08:25', '2024-08-13 19:20:44'),
('9cbd9b70-09e3-4206-8951-c5bbc67ca065', 'Visi Dan Misi', '<p style=\"margin-left:0px;\"><span style=\"color:hsl(118,85%,23%);font-family:Montserrat, Arial;font-size:18px;\"><strong>Visi PPID BAZNAS Jabar</strong></span></p><p>Menjadi Pengelola Zakat Pilihan Masyarakat yang Unggul dan Kompetitif di Tingkat Nasional dalam Mewujudkan Jabar Juara Lahir Batin.</p><p style=\"margin-left:0pt;text-align:justify;\">&nbsp;</p><p style=\"margin-left:0px;\"><span style=\"color:hsl(118,85%,23%);font-family:Montserrat, Arial;font-size:18px;\"><strong>Misi PPID BAZNAS Jabar</strong></span></p><p style=\"margin-left:40px;\">1.&nbsp;&nbsp;Meningkatkan pertumbuhan penghimpunan secara eksponensial melalui sinergi dengan 27 BAZNAS Kabupaten/Kota se-Jawa Barat;</p><p style=\"margin-left:40px;\">2.&nbsp;Mensinergikan program-program penghimpunan dan pendayagunaan zakat dengan program-program pembangunan sosial di Provinsi Jawa Barat;</p><p style=\"margin-left:40px;\">3.&nbsp;Menumbuhan dan mengoptimalkan daya dukung UPZ pada pertumbuhan penghimpunan zakat di Jawa Barat;</p><p style=\"margin-left:40px;\">4.&nbsp;&nbsp;&nbsp;Meningkatkan indeks kepuasan dari&nbsp;<i>stakeholder</i>&nbsp;zakat Jawa Barat;</p><p style=\"margin-left:40px;\">5.&nbsp;&nbsp;Menerapkan sistem manajemen yang terintegrasi, transparan dan akuntabel melalui digitalisasi prosespengelolaan lembaga berbasis teknologi terkini;</p><p style=\"margin-left:40px;\">6.&nbsp;&nbsp;Mengkoordinasikan seluruh OPZ di Jawa Barat dalam mencapai&nbsp; target pengelolaan zakat secara Nasional;</p><p style=\"margin-left:40px;\">7.&nbsp;&nbsp;Mengoptimalkan pendistribusian dan pendayagunaan zakat untuk mengurangi angka kemiskinan, peningkatan kesejahteraan masyarakat, dan pemoderasian kesenjangan sosial;8.&nbsp;&nbsp;Menggerakkan dakwah Islam dan mengkonsolidasikan seluruh elemen umat Islam menuju kebangkitan zakat melalui gerakan sadar zakat di Provinsi Jawa Barat;9.&nbsp; &nbsp;Mengembangkan kompetensi amil zakat yang memegang teguh profesional, responsif, berintegritas, berbasis sinergi untuk kemaslahatan umat dan menjadi rujukan di tingkat Nasional; dan10.&nbsp;Menjadikan lembaga sebagai tempat pilihan bekerja dan pengembangan karir para amil zakat dalam rangka membangun kesalehan pribadi dan sosial.</p>', NULL, 0, '2024-08-14 02:18:21', '2024-08-11 06:08:25', '2024-08-13 19:18:21'),
('9cbd9b70-0aee-4896-9a30-18935d478a0e', 'Struktur Organisasi PPID BAZNAS Provinsi Jawa Barat', '<figure class=\"image\"><img style=\"aspect-ratio:816/1822;\" src=\"/storage/uploads/5ebbcc17-bdf7-4f95-8273-2011dfd58a28.jpg\" width=\"816\" height=\"1822\"></figure><p style=\"text-align:center;\">Bagan Struktur Organisasi PPID Baznas Jabar</p>', NULL, 0, '2024-08-14 02:23:50', '2024-08-11 06:08:25', '2024-08-13 19:23:50'),
('9cbdb148-aa94-4b84-8695-1e5a8b3556b4', 'Alamat Kantor Layanan BAZNAS RI', '<p style=\"margin-left:6pt;\"><span style=\"color:rgb(7,112,19);font-family:Montserrat, Arial;font-size:14pt;\"><strong><u>Kantor BAZNAS RI</u></strong></span></p><p style=\"margin-left:6pt;\"><span style=\"color:rgb(102,102,102);font-family:Montserrat, Arial;font-size:10pt;\">Alamat		: </span><a target=\"_blank\" rel=\"noopener noreferrer\" href=\"https://www.google.com/maps/dir//BAZNAS+Kantor+Pusat+%28Badan+Amil+Zakat+Nasional%29,+Jl.+Matraman+Raya+No.134,+Kebon+Manggis,+Matraman,+East+Jakarta+City,+Jakarta+13150/@-6.211025,106.8241153,14z/data=!4m18!1m8!3m7!1s0x2e69f41d00000001:0x60f84aec09834f6c!2sBAZNAS+Kantor+Pusat+%28Badan+Amil+Zakat+Nasional%29!8m2!3d-6.211025!4d106.8601642!15sCg1hbGFtYXQgYmF6bmFzIgVIAYgBAZIBEWdvdmVybm1lbnRfb2ZmaWNl4AEA!16s%2Fg%2F11ggblxftb!4m8!1m0!1m5!1m1!1s0x2e69f41d00000001:0x60f84aec09834f6c!2m2!1d106.8601642!2d-6.211025!3e2\"><span style=\"color:rgb(102,102,102);font-family:Montserrat, Arial;font-size:10pt;\"><strong>Gedung BAZNAS</strong></span></a></p><p style=\"margin-left:75pt;\"><a target=\"_blank\" rel=\"noopener noreferrer\" href=\"https://www.google.com/maps/dir//BAZNAS+Kantor+Pusat+%28Badan+Amil+Zakat+Nasional%29,+Jl.+Matraman+Raya+No.134,+Kebon+Manggis,+Matraman,+East+Jakarta+City,+Jakarta+13150/@-6.211025,106.8241153,14z/data=!4m18!1m8!3m7!1s0x2e69f41d00000001:0x60f84aec09834f6c!2sBAZNAS+Kantor+Pusat+%28Badan+Amil+Zakat+Nasional%29!8m2!3d-6.211025!4d106.8601642!15sCg1hbGFtYXQgYmF6bmFzIgVIAYgBAZIBEWdvdmVybm1lbnRfb2ZmaWNl4AEA!16s%2Fg%2F11ggblxftb!4m8!1m0!1m5!1m1!1s0x2e69f41d00000001:0x60f84aec09834f6c!2m2!1d106.8601642!2d-6.211025!3e2\"><span style=\"color:rgb(102,102,102);font-family:Montserrat, Arial;font-size:10pt;\">Jalan Matraman Raya No. 134 RT 001 RW 004, Kebon Manggis, Kec&nbsp; Matraman, JakTim, DKI Jakarta 13150</span></a></p><p style=\"margin-left:6pt;\"><span style=\"color:rgb(102,102,102);font-family:Montserrat, Arial;font-size:10pt;\">Telpon		: (021) 2289 7983</span></p><p style=\"margin-left:6pt;\"><span style=\"color:rgb(102,102,102);font-family:Montserrat, Arial;font-size:10pt;\">Email		:</span><span style=\"color:rgb(0,0,255);font-family:Montserrat, Arial;font-size:10pt;\"> </span><span style=\"color:rgb(102,102,102);font-family:Montserrat, Arial;font-size:10pt;\">baznas@baznas.go.id</span></p><p style=\"margin-left:6pt;\"><span style=\"color:rgb(102,102,102);font-family:Montserrat, Arial;font-size:10pt;\">Website		: </span><a target=\"_blank\" rel=\"noopener noreferrer\" href=\"https://baznas.go.id/\"><span style=\"color:rgb(0,0,255);font-family:Montserrat, Arial;font-size:10pt;\">https://baznas.go.id/</span></a></p><p style=\"margin-left:6pt;\"><span style=\"color:rgb(102,102,102);font-family:Montserrat, Arial;font-size:10pt;\">Operasional	: Senin s.d Jumat / 08.00 s.d 17.00 WIB</span></p><p style=\"margin-left:6pt;\"><span style=\"color:rgb(102,102,102);font-family:Montserrat, Arial;\">----------------------------------------------------------------------------</span></p><p style=\"margin-left:6pt;\">&nbsp;</p><p style=\"margin-left:6pt;\"><span style=\"color:rgb(7,112,19);font-family:&quot;Open sans&quot;, Arial;font-size:14pt;\"><strong><u>Kantor PPID BAZNAS RI</u></strong></span></p><p style=\"margin-left:6pt;\"><span style=\"color:rgb(102,102,102);font-family:Montserrat, Arial;font-size:10pt;\">Alamat		: </span><a target=\"_blank\" rel=\"noopener noreferrer\" href=\"https://www.google.com/maps/dir//BAZNAS+Kantor+Pusat+%28Badan+Amil+Zakat+Nasional%29,+Jl.+Matraman+Raya+No.134,+Kebon+Manggis,+Matraman,+East+Jakarta+City,+Jakarta+13150/@-6.211025,106.8241153,14z/data=!4m18!1m8!3m7!1s0x2e69f41d00000001:0x60f84aec09834f6c!2sBAZNAS+Kantor+Pusat+%28Badan+Amil+Zakat+Nasional%29!8m2!3d-6.211025!4d106.8601642!15sCg1hbGFtYXQgYmF6bmFzIgVIAYgBAZIBEWdvdmVybm1lbnRfb2ZmaWNl4AEA!16s%2Fg%2F11ggblxftb!4m8!1m0!1m5!1m1!1s0x2e69f41d00000001:0x60f84aec09834f6c!2m2!1d106.8601642!2d-6.211025!3e2\"><span style=\"color:rgb(102,102,102);font-family:Montserrat, Arial;font-size:10pt;\"><strong>Gedung BAZNAS L</strong></span></a><span style=\"color:rgb(102,102,102);font-family:Montserrat, Arial;font-size:10pt;\"><strong>antai 1</strong></span></p><p style=\"margin-left:75pt;\"><span style=\"color:rgb(102,102,102);font-family:Montserrat, Arial;font-size:10pt;\">Jalan Matraman Raya No. 134 RT 001 RW 004, Kebon Manggis, Kec&nbsp; Matraman, Jakarta Timur</span></p><p style=\"margin-left:6pt;\"><span style=\"color:rgb(102,102,102);font-family:Montserrat, Arial;font-size:10pt;\">Telpon		: </span><a target=\"_blank\" rel=\"noopener noreferrer\" href=\"http://wa.me/6285174130851\"><span style=\"color:rgb(102,102,102);font-family:Montserrat, Arial;font-size:10pt;\">0851-7413-0851</span></a></p><p style=\"margin-left:6pt;\"><span style=\"color:rgb(102,102,102);font-family:Montserrat, Arial;font-size:10pt;\">Email		:</span><span style=\"color:rgb(0,0,255);font-family:Montserrat, Arial;font-size:10pt;\"> </span><span style=\"color:rgb(102,102,102);font-family:Montserrat, Arial;font-size:10pt;\">ppid@baznas.go.id</span></p><p style=\"margin-left:6pt;\"><span style=\"color:rgb(102,102,102);font-family:Montserrat, Arial;font-size:10pt;\">Website		: </span><a target=\"_blank\" rel=\"noopener noreferrer\" href=\"https://ppid.baznas.go.id/\"><span style=\"color:rgb(0,0,255);font-family:Montserrat, Arial;font-size:10pt;\">https://ppid.baznas.go.id</span></a></p><p style=\"margin-left:6pt;\"><span style=\"color:rgb(102,102,102);font-family:Montserrat, Arial;font-size:10pt;\">Operasional	: Senin s.d Jumat / 08.00 s.d 17.00 WIB</span></p><p style=\"margin-left:6pt;\">&nbsp;</p><p style=\"margin-left:6pt;\"><span style=\"color:rgb(7,112,19);font-family:Montserrat, Arial;font-size:14pt;\"><strong><u>Kantor Layanan Muzaki BAZNAS RI</u></strong></span></p><p style=\"margin-left:6pt;\"><span style=\"color:rgb(102,102,102);font-family:Montserrat, Arial;font-size:10pt;\">Alamat		:</span><span style=\"color:rgb(0,0,255);font-family:Montserrat, Arial;font-size:10pt;\"><strong> </strong></span><a target=\"_blank\" rel=\"noopener noreferrer\" href=\"https://www.google.com/maps/dir//BAZNAS+Kantor+Pusat+%28Badan+Amil+Zakat+Nasional%29,+Jl.+Matraman+Raya+No.134,+Kebon+Manggis,+Matraman,+East+Jakarta+City,+Jakarta+13150/@-6.211025,106.8241153,14z/data=!4m18!1m8!3m7!1s0x2e69f41d00000001:0x60f84aec09834f6c!2sBAZNAS+Kantor+Pusat+%28Badan+Amil+Zakat+Nasional%29!8m2!3d-6.211025!4d106.8601642!15sCg1hbGFtYXQgYmF6bmFzIgVIAYgBAZIBEWdvdmVybm1lbnRfb2ZmaWNl4AEA!16s%2Fg%2F11ggblxftb!4m8!1m0!1m5!1m1!1s0x2e69f41d00000001:0x60f84aec09834f6c!2m2!1d106.8601642!2d-6.211025!3e2\"><span style=\"color:rgb(102,102,102);font-family:Montserrat, Arial;font-size:10pt;\"><strong>Gedung BAZNAS L</strong></span></a><span style=\"color:rgb(102,102,102);font-family:Montserrat, Arial;font-size:10pt;\"><strong>antai 1</strong></span></p><p style=\"margin-left:75pt;\"><span style=\"color:rgb(102,102,102);font-family:Montserrat, Arial;font-size:10pt;\">Jalan Matraman Raya No. 134 RT 001 RW 004, Kebon Manggis, Kec&nbsp; Matraman, Jakarta Timur</span></p><p style=\"margin-left:6pt;\"><span style=\"color:rgb(102,102,102);font-family:Montserrat, Arial;font-size:10pt;\">Telpon		: </span><a target=\"_blank\" rel=\"noopener noreferrer\" href=\"http://wa.me/6287877373555\"><span style=\"color:rgb(102,102,102);font-family:Montserrat, Arial;font-size:10pt;\">0878-7737-3555</span></a></p><p style=\"margin-left:6pt;\"><span style=\"color:rgb(102,102,102);font-family:Montserrat, Arial;font-size:10pt;\">Email		:</span><span style=\"color:rgb(0,0,255);font-family:Montserrat, Arial;font-size:10pt;\"> </span><span style=\"color:rgb(102,102,102);font-family:Montserrat, Arial;font-size:10pt;\">layananmuzaki@baznas.go.id</span></p><p style=\"margin-left:6pt;\"><span style=\"color:rgb(102,102,102);font-family:Montserrat, Arial;font-size:10pt;\">Website		: </span><a target=\"_blank\" rel=\"noopener noreferrer\" href=\"https://baznas.go.id/layananpembayaran\"><span style=\"color:rgb(0,0,255);font-family:Montserrat, Arial;font-size:10pt;\">https://baznas.go.id/layananpembayaran</span></a></p><p style=\"margin-left:6pt;\"><span style=\"color:rgb(102,102,102);font-family:Montserrat, Arial;font-size:10pt;\">Operasional	: Senin s.d Jumat / 08.00 s.d 17.00 WIB</span></p><p style=\"margin-left:6pt;\"><span style=\"color:rgb(102,102,102);font-family:Montserrat, Arial;\">----------------------------------------------------------------------------</span></p><p style=\"margin-left:6pt;\">&nbsp;</p><p style=\"margin-left:6pt;\"><span style=\"color:rgb(7,112,19);font-family:&quot;Open sans&quot;, Arial;font-size:14pt;\"><strong><u>Kantor Layanan Mustahik BAZNAS RI</u></strong></span></p><p style=\"margin-left:6pt;\"><span style=\"color:rgb(102,102,102);font-family:Montserrat, Arial;font-size:10pt;\">Alamat		: <strong>Ruko Mitra Matraman Blok A2 No 1-2</strong></span></p><p style=\"margin-left:75pt;\"><span style=\"color:rgb(102,102,102);font-family:Montserrat, Arial;font-size:10pt;\">Jalan Matraman Raya No. 148 RT 1 RW 4, Kebon Manggis, Kec&nbsp; Matraman, JakTim</span></p><p style=\"margin-left:6pt;\"><span style=\"color:rgb(102,102,102);font-family:Montserrat, Arial;font-size:10pt;\">Telpon		:</span><span style=\"color:rgb(0,0,255);font-family:Montserrat, Arial;font-size:10pt;\"> </span><a target=\"_blank\" rel=\"noopener noreferrer\" href=\"http://wa.me/6281380990456\"><span style=\"color:rgb(102,102,102);font-family:Montserrat, Arial;font-size:10pt;\">0813 8099 0456&nbsp;</span></a></p><p style=\"margin-left:6pt;\"><span style=\"color:rgb(102,102,102);font-family:Montserrat, Arial;font-size:10pt;\">Email		:</span><span style=\"color:rgb(0,0,255);font-family:Montserrat, Arial;font-size:10pt;\"> </span><span style=\"color:rgb(102,102,102);font-family:Montserrat, Arial;font-size:10pt;\">layananpublik@baznas.go.id</span></p><p style=\"margin-left:6pt;\"><span style=\"color:rgb(102,102,102);font-family:Montserrat, Arial;font-size:10pt;\">Website		: -</span></p><p style=\"margin-left:6pt;\"><span style=\"color:rgb(102,102,102);font-family:Montserrat, Arial;font-size:10pt;\">Operasional	: Senin s.d Jumat / 08.00 s.d 17.00 WIB</span></p>', NULL, 0, '2024-08-11 07:09:30', '2024-08-11 07:09:30', '2024-08-11 07:09:30'),
('9cc1f739-2f07-4a6e-825b-d277d09663b5', 'Testing', '<p>konten testing</p>', NULL, 0, '2024-08-13 10:08:23', '2024-08-13 10:08:23', '2024-08-13 10:08:23'),
('9cc2c55a-f039-408c-870a-c3064f3ac68f', 'Alamat Kantor Layanan BAZNAS RI', '<p style=\"margin-left:6pt;\"><span style=\"color:rgb(7,112,19);font-family:Montserrat, Arial;font-size:14pt;\"><strong><u>Kantor BAZNAS RI</u></strong></span></p><p style=\"margin-left:6pt;\"><span style=\"color:rgb(102,102,102);font-family:Montserrat, Arial;font-size:10pt;\">Alamat : </span><a target=\"_blank\" rel=\"noopener noreferrer\" href=\"https://www.google.com/maps/dir//BAZNAS+Kantor+Pusat+%28Badan+Amil+Zakat+Nasional%29,+Jl.+Matraman+Raya+No.134,+Kebon+Manggis,+Matraman,+East+Jakarta+City,+Jakarta+13150/@-6.211025,106.8241153,14z/data=!4m18!1m8!3m7!1s0x2e69f41d00000001:0x60f84aec09834f6c!2sBAZNAS+Kantor+Pusat+%28Badan+Amil+Zakat+Nasional%29!8m2!3d-6.211025!4d106.8601642!15sCg1hbGFtYXQgYmF6bmFzIgVIAYgBAZIBEWdvdmVybm1lbnRfb2ZmaWNl4AEA!16s%2Fg%2F11ggblxftb!4m8!1m0!1m5!1m1!1s0x2e69f41d00000001:0x60f84aec09834f6c!2m2!1d106.8601642!2d-6.211025!3e2\"><span style=\"color:rgb(102,102,102);font-family:Montserrat, Arial;font-size:10pt;\"><strong>Gedung BAZNAS</strong></span></a></p><p style=\"margin-left:75pt;\"><a target=\"_blank\" rel=\"noopener noreferrer\" href=\"https://www.google.com/maps/dir//BAZNAS+Kantor+Pusat+%28Badan+Amil+Zakat+Nasional%29,+Jl.+Matraman+Raya+No.134,+Kebon+Manggis,+Matraman,+East+Jakarta+City,+Jakarta+13150/@-6.211025,106.8241153,14z/data=!4m18!1m8!3m7!1s0x2e69f41d00000001:0x60f84aec09834f6c!2sBAZNAS+Kantor+Pusat+%28Badan+Amil+Zakat+Nasional%29!8m2!3d-6.211025!4d106.8601642!15sCg1hbGFtYXQgYmF6bmFzIgVIAYgBAZIBEWdvdmVybm1lbnRfb2ZmaWNl4AEA!16s%2Fg%2F11ggblxftb!4m8!1m0!1m5!1m1!1s0x2e69f41d00000001:0x60f84aec09834f6c!2m2!1d106.8601642!2d-6.211025!3e2\"><span style=\"color:rgb(102,102,102);font-family:Montserrat, Arial;font-size:10pt;\">Jalan Matraman Raya No. 134 RT 001 RW 004, Kebon Manggis, Kec&nbsp; Matraman, JakTim, DKI Jakarta 13150</span></a></p><p style=\"margin-left:6pt;\"><span style=\"color:rgb(102,102,102);font-family:Montserrat, Arial;font-size:10pt;\">Telpon : (021) 2289 7983</span></p><p style=\"margin-left:6pt;\"><span style=\"color:rgb(102,102,102);font-family:Montserrat, Arial;font-size:10pt;\">Email :</span><span style=\"color:rgb(0,0,255);font-family:Montserrat, Arial;font-size:10pt;\"> </span><span style=\"color:rgb(102,102,102);font-family:Montserrat, Arial;font-size:10pt;\">baznas@baznas.go.id</span></p><p style=\"margin-left:6pt;\"><span style=\"color:rgb(102,102,102);font-family:Montserrat, Arial;font-size:10pt;\">Website : </span><a target=\"_blank\" rel=\"noopener noreferrer\" href=\"https://baznas.go.id/\"><span style=\"color:rgb(0,0,255);font-family:Montserrat, Arial;font-size:10pt;\">https://baznas.go.id/</span></a></p><p style=\"margin-left:6pt;\"><span style=\"color:rgb(102,102,102);font-family:Montserrat, Arial;font-size:10pt;\">Operasional : Senin s.d Jumat / 08.00 s.d 17.00 WIB</span></p><p style=\"margin-left:6pt;\"><span style=\"color:rgb(102,102,102);font-family:Montserrat, Arial;\">----------------------------------------------------------------------------</span></p><p style=\"margin-left:6pt;\">&nbsp;</p><p style=\"margin-left:6pt;\"><span style=\"color:rgb(7,112,19);font-family:&quot;Open sans&quot;, Arial;font-size:14pt;\"><strong><u>Kantor PPID BAZNAS RI</u></strong></span></p><p style=\"margin-left:6pt;\"><span style=\"color:rgb(102,102,102);font-family:Montserrat, Arial;font-size:10pt;\">Alamat : </span><a target=\"_blank\" rel=\"noopener noreferrer\" href=\"https://www.google.com/maps/dir//BAZNAS+Kantor+Pusat+%28Badan+Amil+Zakat+Nasional%29,+Jl.+Matraman+Raya+No.134,+Kebon+Manggis,+Matraman,+East+Jakarta+City,+Jakarta+13150/@-6.211025,106.8241153,14z/data=!4m18!1m8!3m7!1s0x2e69f41d00000001:0x60f84aec09834f6c!2sBAZNAS+Kantor+Pusat+%28Badan+Amil+Zakat+Nasional%29!8m2!3d-6.211025!4d106.8601642!15sCg1hbGFtYXQgYmF6bmFzIgVIAYgBAZIBEWdvdmVybm1lbnRfb2ZmaWNl4AEA!16s%2Fg%2F11ggblxftb!4m8!1m0!1m5!1m1!1s0x2e69f41d00000001:0x60f84aec09834f6c!2m2!1d106.8601642!2d-6.211025!3e2\"><span style=\"color:rgb(102,102,102);font-family:Montserrat, Arial;font-size:10pt;\"><strong>Gedung BAZNAS L</strong></span></a><span style=\"color:rgb(102,102,102);font-family:Montserrat, Arial;font-size:10pt;\"><strong>antai 1</strong></span></p><p style=\"margin-left:75pt;\"><span style=\"color:rgb(102,102,102);font-family:Montserrat, Arial;font-size:10pt;\">Jalan Matraman Raya No. 134 RT 001 RW 004, Kebon Manggis, Kec&nbsp; Matraman, Jakarta Timur</span></p><p style=\"margin-left:6pt;\"><span style=\"color:rgb(102,102,102);font-family:Montserrat, Arial;font-size:10pt;\">Telpon : </span><a target=\"_blank\" rel=\"noopener noreferrer\" href=\"http://wa.me/6285174130851\"><span style=\"color:rgb(102,102,102);font-family:Montserrat, Arial;font-size:10pt;\">0851-7413-0851</span></a></p><p style=\"margin-left:6pt;\"><span style=\"color:rgb(102,102,102);font-family:Montserrat, Arial;font-size:10pt;\">Email :</span><span style=\"color:rgb(0,0,255);font-family:Montserrat, Arial;font-size:10pt;\"> </span><span style=\"color:rgb(102,102,102);font-family:Montserrat, Arial;font-size:10pt;\">ppid@baznas.go.id</span></p><p style=\"margin-left:6pt;\"><span style=\"color:rgb(102,102,102);font-family:Montserrat, Arial;font-size:10pt;\">Website : </span><a target=\"_blank\" rel=\"noopener noreferrer\" href=\"https://ppid.baznas.go.id/\"><span style=\"color:rgb(0,0,255);font-family:Montserrat, Arial;font-size:10pt;\">https://ppid.baznas.go.id</span></a></p><p style=\"margin-left:6pt;\"><span style=\"color:rgb(102,102,102);font-family:Montserrat, Arial;font-size:10pt;\">Operasional : Senin s.d Jumat / 08.00 s.d 17.00 WIB</span></p><p style=\"margin-left:6pt;\">&nbsp;</p><p style=\"margin-left:6pt;\"><span style=\"color:rgb(7,112,19);font-family:Montserrat, Arial;font-size:14pt;\"><strong><u>Kantor Layanan Muzaki BAZNAS RI</u></strong></span></p><p style=\"margin-left:6pt;\"><span style=\"color:rgb(102,102,102);font-family:Montserrat, Arial;font-size:10pt;\">Alamat :</span><span style=\"color:rgb(0,0,255);font-family:Montserrat, Arial;font-size:10pt;\"><strong> </strong></span><a target=\"_blank\" rel=\"noopener noreferrer\" href=\"https://www.google.com/maps/dir//BAZNAS+Kantor+Pusat+%28Badan+Amil+Zakat+Nasional%29,+Jl.+Matraman+Raya+No.134,+Kebon+Manggis,+Matraman,+East+Jakarta+City,+Jakarta+13150/@-6.211025,106.8241153,14z/data=!4m18!1m8!3m7!1s0x2e69f41d00000001:0x60f84aec09834f6c!2sBAZNAS+Kantor+Pusat+%28Badan+Amil+Zakat+Nasional%29!8m2!3d-6.211025!4d106.8601642!15sCg1hbGFtYXQgYmF6bmFzIgVIAYgBAZIBEWdvdmVybm1lbnRfb2ZmaWNl4AEA!16s%2Fg%2F11ggblxftb!4m8!1m0!1m5!1m1!1s0x2e69f41d00000001:0x60f84aec09834f6c!2m2!1d106.8601642!2d-6.211025!3e2\"><span style=\"color:rgb(102,102,102);font-family:Montserrat, Arial;font-size:10pt;\"><strong>Gedung BAZNAS L</strong></span></a><span style=\"color:rgb(102,102,102);font-family:Montserrat, Arial;font-size:10pt;\"><strong>antai 1</strong></span></p><p style=\"margin-left:75pt;\"><span style=\"color:rgb(102,102,102);font-family:Montserrat, Arial;font-size:10pt;\">Jalan Matraman Raya No. 134 RT 001 RW 004, Kebon Manggis, Kec&nbsp; Matraman, Jakarta Timur</span></p><p style=\"margin-left:6pt;\"><span style=\"color:rgb(102,102,102);font-family:Montserrat, Arial;font-size:10pt;\">Telpon : </span><a target=\"_blank\" rel=\"noopener noreferrer\" href=\"http://wa.me/6287877373555\"><span style=\"color:rgb(102,102,102);font-family:Montserrat, Arial;font-size:10pt;\">0878-7737-3555</span></a></p><p style=\"margin-left:6pt;\"><span style=\"color:rgb(102,102,102);font-family:Montserrat, Arial;font-size:10pt;\">Email :</span><span style=\"color:rgb(0,0,255);font-family:Montserrat, Arial;font-size:10pt;\"> </span><span style=\"color:rgb(102,102,102);font-family:Montserrat, Arial;font-size:10pt;\">layananmuzaki@baznas.go.id</span></p><p style=\"margin-left:6pt;\"><span style=\"color:rgb(102,102,102);font-family:Montserrat, Arial;font-size:10pt;\">Website : </span><a target=\"_blank\" rel=\"noopener noreferrer\" href=\"https://baznas.go.id/layananpembayaran\"><span style=\"color:rgb(0,0,255);font-family:Montserrat, Arial;font-size:10pt;\">https://baznas.go.id/layananpembayaran</span></a></p><p style=\"margin-left:6pt;\"><span style=\"color:rgb(102,102,102);font-family:Montserrat, Arial;font-size:10pt;\">Operasional : Senin s.d Jumat / 08.00 s.d 17.00 WIB</span></p><p style=\"margin-left:6pt;\"><span style=\"color:rgb(102,102,102);font-family:Montserrat, Arial;\">----------------------------------------------------------------------------</span></p><p style=\"margin-left:6pt;\">&nbsp;</p><p style=\"margin-left:6pt;\"><span style=\"color:rgb(7,112,19);font-family:&quot;Open sans&quot;, Arial;font-size:14pt;\"><strong><u>Kantor Layanan Mustahik BAZNAS RI</u></strong></span></p><p style=\"margin-left:6pt;\"><span style=\"color:rgb(102,102,102);font-family:Montserrat, Arial;font-size:10pt;\">Alamat : <strong>Ruko Mitra Matraman Blok A2 No 1-2</strong></span></p><p style=\"margin-left:75pt;\"><span style=\"color:rgb(102,102,102);font-family:Montserrat, Arial;font-size:10pt;\">Jalan Matraman Raya No. 148 RT 1 RW 4, Kebon Manggis, Kec&nbsp; Matraman, JakTim</span></p><p style=\"margin-left:6pt;\"><span style=\"color:rgb(102,102,102);font-family:Montserrat, Arial;font-size:10pt;\">Telpon :</span><span style=\"color:rgb(0,0,255);font-family:Montserrat, Arial;font-size:10pt;\"> </span><a target=\"_blank\" rel=\"noopener noreferrer\" href=\"http://wa.me/6281380990456\"><span style=\"color:rgb(102,102,102);font-family:Montserrat, Arial;font-size:10pt;\">0813 8099 0456&nbsp;</span></a></p><p style=\"margin-left:6pt;\"><span style=\"color:rgb(102,102,102);font-family:Montserrat, Arial;font-size:10pt;\">Email :</span><span style=\"color:rgb(0,0,255);font-family:Montserrat, Arial;font-size:10pt;\"> </span><span style=\"color:rgb(102,102,102);font-family:Montserrat, Arial;font-size:10pt;\">layananpublik@baznas.go.id</span></p><p style=\"margin-left:6pt;\"><span style=\"color:rgb(102,102,102);font-family:Montserrat, Arial;font-size:10pt;\">Website : -</span></p><p style=\"margin-left:6pt;\"><span style=\"color:rgb(102,102,102);font-family:Montserrat, Arial;font-size:10pt;\">Operasional : Senin s.d Jumat / 08.00 s.d 17.00 WIB</span></p>', NULL, 0, '2024-08-13 19:44:46', '2024-08-13 19:44:46', '2024-08-13 19:44:46'),
('9cc2cba0-fbd3-49b7-a338-28edf8fa3692', 'Alamat Kantor Layanan BAZNAS Jabar', '<p style=\"margin-left:6pt;\"><span style=\"color:rgb(7,112,19);font-family:Montserrat, Arial;font-size:14pt;\"><strong><u>Kantor BAZNAS RI</u></strong></span></p><p style=\"margin-left:6pt;\"><span style=\"color:rgb(102,102,102);font-family:Montserrat, Arial;font-size:10pt;\">Alamat : </span><a target=\"_blank\" rel=\"noopener noreferrer\" href=\"https://www.google.com/maps/dir//BAZNAS+Kantor+Pusat+%28Badan+Amil+Zakat+Nasional%29,+Jl.+Matraman+Raya+No.134,+Kebon+Manggis,+Matraman,+East+Jakarta+City,+Jakarta+13150/@-6.211025,106.8241153,14z/data=!4m18!1m8!3m7!1s0x2e69f41d00000001:0x60f84aec09834f6c!2sBAZNAS+Kantor+Pusat+%28Badan+Amil+Zakat+Nasional%29!8m2!3d-6.211025!4d106.8601642!15sCg1hbGFtYXQgYmF6bmFzIgVIAYgBAZIBEWdvdmVybm1lbnRfb2ZmaWNl4AEA!16s%2Fg%2F11ggblxftb!4m8!1m0!1m5!1m1!1s0x2e69f41d00000001:0x60f84aec09834f6c!2m2!1d106.8601642!2d-6.211025!3e2\"><span style=\"color:rgb(102,102,102);font-family:Montserrat, Arial;font-size:10pt;\"><strong>Gedung BAZNAS</strong></span></a></p><p style=\"margin-left:75pt;\"><a target=\"_blank\" rel=\"noopener noreferrer\" href=\"https://www.google.com/maps/dir//BAZNAS+Kantor+Pusat+%28Badan+Amil+Zakat+Nasional%29,+Jl.+Matraman+Raya+No.134,+Kebon+Manggis,+Matraman,+East+Jakarta+City,+Jakarta+13150/@-6.211025,106.8241153,14z/data=!4m18!1m8!3m7!1s0x2e69f41d00000001:0x60f84aec09834f6c!2sBAZNAS+Kantor+Pusat+%28Badan+Amil+Zakat+Nasional%29!8m2!3d-6.211025!4d106.8601642!15sCg1hbGFtYXQgYmF6bmFzIgVIAYgBAZIBEWdvdmVybm1lbnRfb2ZmaWNl4AEA!16s%2Fg%2F11ggblxftb!4m8!1m0!1m5!1m1!1s0x2e69f41d00000001:0x60f84aec09834f6c!2m2!1d106.8601642!2d-6.211025!3e2\"><span style=\"color:rgb(102,102,102);font-family:Montserrat, Arial;font-size:10pt;\">Jalan Matraman Raya No. 134 RT 001 RW 004, Kebon Manggis, Kec&nbsp; Matraman, JakTim, DKI Jakarta 13150</span></a></p><p style=\"margin-left:6pt;\"><span style=\"color:rgb(102,102,102);font-family:Montserrat, Arial;font-size:10pt;\">Telpon : (021) 2289 7983</span></p><p style=\"margin-left:6pt;\"><span style=\"color:rgb(102,102,102);font-family:Montserrat, Arial;font-size:10pt;\">Email :</span><span style=\"color:rgb(0,0,255);font-family:Montserrat, Arial;font-size:10pt;\"> </span><span style=\"color:rgb(102,102,102);font-family:Montserrat, Arial;font-size:10pt;\">baznas@baznas.go.id</span></p><p style=\"margin-left:6pt;\"><span style=\"color:rgb(102,102,102);font-family:Montserrat, Arial;font-size:10pt;\">Website : </span><a target=\"_blank\" rel=\"noopener noreferrer\" href=\"https://baznas.go.id/\"><span style=\"color:rgb(0,0,255);font-family:Montserrat, Arial;font-size:10pt;\">https://baznas.go.id/</span></a></p><p style=\"margin-left:6pt;\"><span style=\"color:rgb(102,102,102);font-family:Montserrat, Arial;font-size:10pt;\">Operasional : Senin s.d Jumat / 08.00 s.d 17.00 WIB</span></p><p style=\"margin-left:6pt;\"><span style=\"color:rgb(102,102,102);font-family:Montserrat, Arial;\">----------------------------------------------------------------------------</span></p><p style=\"margin-left:6pt;\">&nbsp;</p><p style=\"margin-left:6pt;\"><span style=\"color:rgb(7,112,19);font-family:&quot;Open sans&quot;, Arial;font-size:14pt;\"><strong><u>Kantor PPID BAZNAS RI</u></strong></span></p><p style=\"margin-left:6pt;\"><span style=\"color:rgb(102,102,102);font-family:Montserrat, Arial;font-size:10pt;\">Alamat : </span><a target=\"_blank\" rel=\"noopener noreferrer\" href=\"https://www.google.com/maps/dir//BAZNAS+Kantor+Pusat+%28Badan+Amil+Zakat+Nasional%29,+Jl.+Matraman+Raya+No.134,+Kebon+Manggis,+Matraman,+East+Jakarta+City,+Jakarta+13150/@-6.211025,106.8241153,14z/data=!4m18!1m8!3m7!1s0x2e69f41d00000001:0x60f84aec09834f6c!2sBAZNAS+Kantor+Pusat+%28Badan+Amil+Zakat+Nasional%29!8m2!3d-6.211025!4d106.8601642!15sCg1hbGFtYXQgYmF6bmFzIgVIAYgBAZIBEWdvdmVybm1lbnRfb2ZmaWNl4AEA!16s%2Fg%2F11ggblxftb!4m8!1m0!1m5!1m1!1s0x2e69f41d00000001:0x60f84aec09834f6c!2m2!1d106.8601642!2d-6.211025!3e2\"><span style=\"color:rgb(102,102,102);font-family:Montserrat, Arial;font-size:10pt;\"><strong>Gedung BAZNAS L</strong></span></a><span style=\"color:rgb(102,102,102);font-family:Montserrat, Arial;font-size:10pt;\"><strong>antai 1</strong></span></p><p style=\"margin-left:75pt;\"><span style=\"color:rgb(102,102,102);font-family:Montserrat, Arial;font-size:10pt;\">Jalan Matraman Raya No. 134 RT 001 RW 004, Kebon Manggis, Kec&nbsp; Matraman, Jakarta Timur</span></p><p style=\"margin-left:6pt;\"><span style=\"color:rgb(102,102,102);font-family:Montserrat, Arial;font-size:10pt;\">Telpon : </span><a target=\"_blank\" rel=\"noopener noreferrer\" href=\"http://wa.me/6285174130851\"><span style=\"color:rgb(102,102,102);font-family:Montserrat, Arial;font-size:10pt;\">0851-7413-0851</span></a></p><p style=\"margin-left:6pt;\"><span style=\"color:rgb(102,102,102);font-family:Montserrat, Arial;font-size:10pt;\">Email :</span><span style=\"color:rgb(0,0,255);font-family:Montserrat, Arial;font-size:10pt;\"> </span><span style=\"color:rgb(102,102,102);font-family:Montserrat, Arial;font-size:10pt;\">ppid@baznas.go.id</span></p><p style=\"margin-left:6pt;\"><span style=\"color:rgb(102,102,102);font-family:Montserrat, Arial;font-size:10pt;\">Website : </span><a target=\"_blank\" rel=\"noopener noreferrer\" href=\"https://ppid.baznas.go.id/\"><span style=\"color:rgb(0,0,255);font-family:Montserrat, Arial;font-size:10pt;\">https://ppid.baznas.go.id</span></a></p><p style=\"margin-left:6pt;\"><span style=\"color:rgb(102,102,102);font-family:Montserrat, Arial;font-size:10pt;\">Operasional : Senin s.d Jumat / 08.00 s.d 17.00 WIB</span></p><p style=\"margin-left:6pt;\">&nbsp;</p><p style=\"margin-left:6pt;\"><span style=\"color:rgb(7,112,19);font-family:Montserrat, Arial;font-size:14pt;\"><strong><u>Kantor Layanan Muzaki BAZNAS RI</u></strong></span></p><p style=\"margin-left:6pt;\"><span style=\"color:rgb(102,102,102);font-family:Montserrat, Arial;font-size:10pt;\">Alamat :</span><span style=\"color:rgb(0,0,255);font-family:Montserrat, Arial;font-size:10pt;\"><strong> </strong></span><a target=\"_blank\" rel=\"noopener noreferrer\" href=\"https://www.google.com/maps/dir//BAZNAS+Kantor+Pusat+%28Badan+Amil+Zakat+Nasional%29,+Jl.+Matraman+Raya+No.134,+Kebon+Manggis,+Matraman,+East+Jakarta+City,+Jakarta+13150/@-6.211025,106.8241153,14z/data=!4m18!1m8!3m7!1s0x2e69f41d00000001:0x60f84aec09834f6c!2sBAZNAS+Kantor+Pusat+%28Badan+Amil+Zakat+Nasional%29!8m2!3d-6.211025!4d106.8601642!15sCg1hbGFtYXQgYmF6bmFzIgVIAYgBAZIBEWdvdmVybm1lbnRfb2ZmaWNl4AEA!16s%2Fg%2F11ggblxftb!4m8!1m0!1m5!1m1!1s0x2e69f41d00000001:0x60f84aec09834f6c!2m2!1d106.8601642!2d-6.211025!3e2\"><span style=\"color:rgb(102,102,102);font-family:Montserrat, Arial;font-size:10pt;\"><strong>Gedung BAZNAS L</strong></span></a><span style=\"color:rgb(102,102,102);font-family:Montserrat, Arial;font-size:10pt;\"><strong>antai 1</strong></span></p><p style=\"margin-left:75pt;\"><span style=\"color:rgb(102,102,102);font-family:Montserrat, Arial;font-size:10pt;\">Jalan Matraman Raya No. 134 RT 001 RW 004, Kebon Manggis, Kec&nbsp; Matraman, Jakarta Timur</span></p><p style=\"margin-left:6pt;\"><span style=\"color:rgb(102,102,102);font-family:Montserrat, Arial;font-size:10pt;\">Telpon : </span><a target=\"_blank\" rel=\"noopener noreferrer\" href=\"http://wa.me/6287877373555\"><span style=\"color:rgb(102,102,102);font-family:Montserrat, Arial;font-size:10pt;\">0878-7737-3555</span></a></p><p style=\"margin-left:6pt;\"><span style=\"color:rgb(102,102,102);font-family:Montserrat, Arial;font-size:10pt;\">Email :</span><span style=\"color:rgb(0,0,255);font-family:Montserrat, Arial;font-size:10pt;\"> </span><span style=\"color:rgb(102,102,102);font-family:Montserrat, Arial;font-size:10pt;\">layananmuzaki@baznas.go.id</span></p><p style=\"margin-left:6pt;\"><span style=\"color:rgb(102,102,102);font-family:Montserrat, Arial;font-size:10pt;\">Website : </span><a target=\"_blank\" rel=\"noopener noreferrer\" href=\"https://baznas.go.id/layananpembayaran\"><span style=\"color:rgb(0,0,255);font-family:Montserrat, Arial;font-size:10pt;\">https://baznas.go.id/layananpembayaran</span></a></p><p style=\"margin-left:6pt;\"><span style=\"color:rgb(102,102,102);font-family:Montserrat, Arial;font-size:10pt;\">Operasional : Senin s.d Jumat / 08.00 s.d 17.00 WIB</span></p><p style=\"margin-left:6pt;\"><span style=\"color:rgb(102,102,102);font-family:Montserrat, Arial;\">----------------------------------------------------------------------------</span></p><p style=\"margin-left:6pt;\">&nbsp;</p><p style=\"margin-left:6pt;\"><span style=\"color:rgb(7,112,19);font-family:&quot;Open sans&quot;, Arial;font-size:14pt;\"><strong><u>Kantor Layanan Mustahik BAZNAS RI</u></strong></span></p><p style=\"margin-left:6pt;\"><span style=\"color:rgb(102,102,102);font-family:Montserrat, Arial;font-size:10pt;\">Alamat : <strong>Ruko Mitra Matraman Blok A2 No 1-2</strong></span></p><p style=\"margin-left:75pt;\"><span style=\"color:rgb(102,102,102);font-family:Montserrat, Arial;font-size:10pt;\">Jalan Matraman Raya No. 148 RT 1 RW 4, Kebon Manggis, Kec&nbsp; Matraman, JakTim</span></p><p style=\"margin-left:6pt;\"><span style=\"color:rgb(102,102,102);font-family:Montserrat, Arial;font-size:10pt;\">Telpon :</span><span style=\"color:rgb(0,0,255);font-family:Montserrat, Arial;font-size:10pt;\"> </span><a target=\"_blank\" rel=\"noopener noreferrer\" href=\"http://wa.me/6281380990456\"><span style=\"color:rgb(102,102,102);font-family:Montserrat, Arial;font-size:10pt;\">0813 8099 0456&nbsp;</span></a></p><p style=\"margin-left:6pt;\"><span style=\"color:rgb(102,102,102);font-family:Montserrat, Arial;font-size:10pt;\">Email :</span><span style=\"color:rgb(0,0,255);font-family:Montserrat, Arial;font-size:10pt;\"> </span><span style=\"color:rgb(102,102,102);font-family:Montserrat, Arial;font-size:10pt;\">layananpublik@baznas.go.id</span></p><p style=\"margin-left:6pt;\"><span style=\"color:rgb(102,102,102);font-family:Montserrat, Arial;font-size:10pt;\">Website : -</span></p><p style=\"margin-left:6pt;\"><span style=\"color:rgb(102,102,102);font-family:Montserrat, Arial;font-size:10pt;\">Operasional : Senin s.d Jumat / 08.00 s.d 17.00 WIB</span></p>', NULL, 0, '2024-08-13 20:02:19', '2024-08-13 20:02:19', '2024-08-13 20:02:19'),
('9cc2cc2a-2a07-4dfa-9382-742e3c469918', 'Alamat Kantor Layanan BAZNAS Jabar', '<p style=\"margin-left:6pt;\"><span style=\"color:rgb(7,112,19);font-size:14pt;\"><strong><u>Kantor BAZNAS Jabar</u></strong></span></p><p><span style=\"color:hsl(0, 0%, 0%);\">Jl. Soekarno Hatta No.458, Batununggal, Kec. Bandung Kidul, Kota Bandung, Jawa Barat 40266</span></p><p><span style=\"color:hsl(0, 0%, 0%);\">Telepon: 02287315606</span></p><p><span style=\"color:hsl(0, 0%, 0%);\">Email: </span><a href=\"mailto:baznasprov.jabar@baznas.go.id\"><span style=\"color:hsl(0, 0%, 0%);\">baznasprov.jabar@baznas.go.id</span></a></p><p><span style=\"color:hsl(0, 0%, 0%);font-size:10pt;\">Operasional : Senin s.d Jumat / 08.00 s.d 17.00 WIB</span></p>', NULL, 0, '2024-08-13 20:03:49', '2024-08-13 20:03:49', '2024-08-13 20:03:49'),
('9cc2f110-6421-4253-991d-cf503ec52d84', 'Alamat Kantor Layanan BAZNAS Jabar', '<p style=\"margin-left:6pt;\"><span style=\"color:rgb(7,112,19);font-size:14pt;\"><strong><u>Kantor BAZNAS Jabar</u></strong></span></p><p><span style=\"color:hsl(0,0%,0%);\">Jl. Soekarno Hatta No.458, Batununggal, Kec. Bandung Kidul, Kota Bandung, Jawa Barat 40266</span></p><p><span style=\"color:hsl(0,0%,0%);\">Telepon: 02287315606</span></p><p><span style=\"color:hsl(0,0%,0%);\">Email: </span><a href=\"mailto:baznasprov.jabar@baznas.go.id\"><span style=\"color:hsl(0,0%,0%);\">baznasprov.jabar@baznas.go.id</span></a></p><p><span style=\"color:hsl(0,0%,0%);font-size:10pt;\">Operasional : Senin s.d Jumat / 08.00 s.d 17.00 WIB</span></p>', NULL, 0, '2024-08-13 21:46:59', '2024-08-13 21:46:59', '2024-08-13 21:46:59');

--
-- Dumping data untuk tabel `regulasi_lists`
--

INSERT INTO `regulasi_lists` (`id`, `nama`, `type`, `url`, `page_id`, `created_at`, `updated_at`) VALUES
('9cbef323-e27f-4e54-b589-a5ea21e02ff0', 'Regulasi Layanan Informasi Publik', 'page', 'http://127.0.0.1:8000/page/9cc307e3-5a8a-45e1-a166-599e30b6c482/regulasi-layanan-informasi-publik', '9cc307e3-5a8a-45e1-a166-599e30b6c482', '2024-08-11 22:09:29', '2024-08-14 06:00:49'),
('9cc0e9f9-08d7-4c02-8d23-16a243270fe8', 'Regulasi Pengelolaan Zakat', 'url', 'https://ppid.baznas.go.id/regulasi/regulasi-pengelolaan-zakat', NULL, '2024-08-12 21:35:30', '2024-08-14 06:01:17'),
('9cc308f2-3029-4ec9-96c8-b3e66dc96bce', 'Regulasi Baznas', 'url', 'https://ppid.baznas.go.id/regulasi/regulasi-baznas', NULL, '2024-08-13 22:53:46', '2024-08-13 22:53:46'),
('9cc3a21e-200c-4ccc-8664-c53c537670a5', 'Regulasi Baznas Daerah', 'url', 'https://ppid.baznas.go.id/regulasi/regulasi-baznas-daerah', NULL, '2024-08-14 06:02:04', '2024-08-14 06:02:04'),
('9cc3a258-03e6-4b9b-bef5-a4c24e3c4bb1', 'Regulasi Laz', 'url', 'https://ppid.baznas.go.id/regulasi/regulasi-laz', NULL, '2024-08-14 06:02:42', '2024-08-14 06:02:42'),
('9cc3a291-1e86-40a1-9047-59f7d7c4a9e4', 'Regulasi Upz', 'url', 'https://baznasjabar.org/content/unit-pengumpul-zakat', NULL, '2024-08-14 06:03:19', '2024-08-14 06:03:19'),
('9cc3a2c5-1931-40df-86bf-cc54d14f5b93', 'Regulasi Hubungan Zakat dan Pajak', 'url', 'https://ppid.baznas.go.id/regulasi/hubungan-zakat-dan-pajak', NULL, '2024-08-14 06:03:53', '2024-08-14 06:03:53'),
('9cc3a425-0668-4cc8-a83b-c3dacc4c6219', 'Fatwa MUI', 'url', 'https://ppid.baznas.go.id/regulasi/fatwa-mui', NULL, '2024-08-14 06:07:44', '2024-08-14 06:07:44');

--
-- Dumping data untuk tabel `sessions`
--

INSERT INTO `sessions` (`id`, `user_id`, `ip_address`, `user_agent`, `payload`, `last_activity`) VALUES
('0DT2JcCZh015P3bArV3KFJt0wFrquiPKnzBB07ap', NULL, '74.125.212.3', 'Mozilla/5.0 (Linux; Android 7.0; SM-G930V Build/NRD90M) AppleWebKit/537.36 (KHTML, like Gecko) Chrome/59.0.3071.125 Mobile Safari/537.36 (compatible; Google-Read-Aloud; +https://support.google.com/webmasters/answer/1061943)', 'YTozOntzOjY6Il90b2tlbiI7czo0MDoiMjRUR0w3eGNkcUVvQU1ENEVTQWUwZWtFajdSbVF2WHhCWGNDc2FGeCI7czo5OiJfcHJldmlvdXMiO2E6MTp7czozOiJ1cmwiO3M6NDc6Imh0dHBzOi8vcHBpZC1iYXpuYXNqYWJhci5naWFmYXV6YW4ubXkuaWQvdGVuZGVyIjt9czo2OiJfZmxhc2giO2E6Mjp7czozOiJvbGQiO2E6MDp7fXM6MzoibmV3IjthOjA6e319fQ==', 1723639061),
('KLk7905h0d4l4h1G4KdpPj9nWmy0OsD3RG5eXMr7', NULL, '74.125.212.3', 'Mozilla/5.0 (Linux; Android 7.0; SM-G930V Build/NRD90M) AppleWebKit/537.36 (KHTML, like Gecko) Chrome/59.0.3071.125 Mobile Safari/537.36 (compatible; Google-Read-Aloud; +https://support.google.com/webmasters/answer/1061943)', 'YTozOntzOjY6Il90b2tlbiI7czo0MDoiMlYybDFLZlJ4YzF0V3JLWElwdW9hS0FYMzNlbWMyV1E4Q3pEWXVJTCI7czo5OiJfcHJldmlvdXMiO2E6MTp7czozOiJ1cmwiO3M6MTE4OiJodHRwczovL3BwaWQtYmF6bmFzamFiYXIuZ2lhZmF1emFuLm15LmlkL3BhZ2UvOWNiZGFkZDUtNmEwYy00ZGVkLThjODktMDUwNmVhMzg4MDBlL3BwaWQtYmF6bmFzLWphYmFyLXJhbWFoLWRpc2FiaWxpdGFzIjt9czo2OiJfZmxhc2giO2E6Mjp7czozOiJvbGQiO2E6MDp7fXM6MzoibmV3IjthOjA6e319fQ==', 1723639041),
('muQhZfCxsh27MVzbm2OPlhjrLRL3G51jRL9BUv1S', NULL, '64.233.173.37', 'Mozilla/5.0 (Linux; Android 7.0; SM-G930V Build/NRD90M) AppleWebKit/537.36 (KHTML, like Gecko) Chrome/59.0.3071.125 Mobile Safari/537.36 (compatible; Google-Read-Aloud; +https://support.google.com/webmasters/answer/1061943)', 'YTozOntzOjY6Il90b2tlbiI7czo0MDoiUjBacXdEQ1J3ZHV4cEc3cThYQm1LeVc2U3Q4ZEpCZERMZXhWaHJtTyI7czo5OiJfcHJldmlvdXMiO2E6MTp7czozOiJ1cmwiO3M6MTE4OiJodHRwczovL3BwaWQtYmF6bmFzamFiYXIuZ2lhZmF1emFuLm15LmlkL3BhZ2UvOWNiZGFkZDUtNmEwYy00ZGVkLThjODktMDUwNmVhMzg4MDBlL3BwaWQtYmF6bmFzLWphYmFyLXJhbWFoLWRpc2FiaWxpdGFzIjt9czo2OiJfZmxhc2giO2E6Mjp7czozOiJvbGQiO2E6MDp7fXM6MzoibmV3IjthOjA6e319fQ==', 1723639039),
('pHWPoILaqrx9VWEM14JzDMZbfye9YR7t9MFEfChU', NULL, '74.125.212.3', 'Mozilla/5.0 (Linux; Android 7.0; SM-G930V Build/NRD90M) AppleWebKit/537.36 (KHTML, like Gecko) Chrome/59.0.3071.125 Mobile Safari/537.36 (compatible; Google-Read-Aloud; +https://support.google.com/webmasters/answer/1061943)', 'YTozOntzOjY6Il90b2tlbiI7czo0MDoiN0dkdlhCRGRRUE43MVJwNWI3M1hqblIzdkdHYW9oeWtFT2NmSld0RSI7czo5OiJfcHJldmlvdXMiO2E6MTp7czozOiJ1cmwiO3M6NDc6Imh0dHBzOi8vcHBpZC1iYXpuYXNqYWJhci5naWFmYXV6YW4ubXkuaWQvdGVuZGVyIjt9czo2OiJfZmxhc2giO2E6Mjp7czozOiJvbGQiO2E6MDp7fXM6MzoibmV3IjthOjA6e319fQ==', 1723639062),
('QuPwmUCN3EInzd0XbnDDesBskBprUk2DS6ib4pIj', '9cbd9b70-00aa-4763-a1c7-1715b6e18b73', '180.244.128.91', 'Mozilla/5.0 (X11; Linux x86_64) AppleWebKit/537.36 (KHTML, like Gecko) Chrome/127.0.0.0 Safari/537.36', 'YTo2OntzOjY6Il90b2tlbiI7czo0MDoiaGR0b1hTZ05FN0pUOW5xTG5MczBPd0doNExRU2E3NkI0QmFCazAxUCI7czo2OiJfZmxhc2giO2E6Mjp7czozOiJvbGQiO2E6MDp7fXM6MzoibmV3IjthOjA6e319czo5OiJfcHJldmlvdXMiO2E6MTp7czozOiJ1cmwiO3M6NDA6Imh0dHBzOi8vcHBpZC1iYXpuYXNqYWJhci5naWFmYXV6YW4ubXkuaWQiO31zOjM6InVybCI7YTowOnt9czo1MDoibG9naW5fd2ViXzU5YmEzNmFkZGMyYjJmOTQwMTU4MGYwMTRjN2Y1OGVhNGUzMDk4OWQiO3M6MzY6IjljYmQ5YjcwLTAwYWEtNDc2My1hMWM3LTE3MTViNmUxOGI3MyI7czo0OiJhdXRoIjthOjE6e3M6MjE6InBhc3N3b3JkX2NvbmZpcm1lZF9hdCI7aToxNzIzNjM5MDcxO319', 1723642679),
('sroJAmwuFLy1z1kwKPlTTKgbmrbzVQ89S9lCnbK5', NULL, '64.233.173.36', 'Mozilla/5.0 (Linux; Android 7.0; SM-G930V Build/NRD90M) AppleWebKit/537.36 (KHTML, like Gecko) Chrome/59.0.3071.125 Mobile Safari/537.36 (compatible; Google-Read-Aloud; +https://support.google.com/webmasters/answer/1061943)', 'YTozOntzOjY6Il90b2tlbiI7czo0MDoibHVlaFJ0b3gxR1gwNXNPTUdsUmdBYUpEdnlnSUp2VTFCQW1TaHBMVCI7czo5OiJfcHJldmlvdXMiO2E6MTp7czozOiJ1cmwiO3M6NDc6Imh0dHBzOi8vcHBpZC1iYXpuYXNqYWJhci5naWFmYXV6YW4ubXkuaWQvdGVuZGVyIjt9czo2OiJfZmxhc2giO2E6Mjp7czozOiJvbGQiO2E6MDp7fXM6MzoibmV3IjthOjA6e319fQ==', 1723639060),
('TiMbHPT2v6W2Awchx13l74WwAjuiqaiuApCGXmgh', NULL, '74.125.212.3', 'Mozilla/5.0 (Linux; Android 7.0; SM-G930V Build/NRD90M) AppleWebKit/537.36 (KHTML, like Gecko) Chrome/59.0.3071.125 Mobile Safari/537.36 (compatible; Google-Read-Aloud; +https://support.google.com/webmasters/answer/1061943)', 'YTozOntzOjY6Il90b2tlbiI7czo0MDoiY0czZzFNMFJZWkgzdm5CZDV6MG5QdzFQclB0NHVtWTRBTDNMZFpaUCI7czo5OiJfcHJldmlvdXMiO2E6MTp7czozOiJ1cmwiO3M6MTE4OiJodHRwczovL3BwaWQtYmF6bmFzamFiYXIuZ2lhZmF1emFuLm15LmlkL3BhZ2UvOWNiZGFkZDUtNmEwYy00ZGVkLThjODktMDUwNmVhMzg4MDBlL3BwaWQtYmF6bmFzLWphYmFyLXJhbWFoLWRpc2FiaWxpdGFzIjt9czo2OiJfZmxhc2giO2E6Mjp7czozOiJvbGQiO2E6MDp7fXM6MzoibmV3IjthOjA6e319fQ==', 1723639041),
('vgFNWvPjANGg74lWyVNVjltYtiKfuORFOLx2KJKe', '9cbd9b70-00aa-4763-a1c7-1715b6e18b73', '180.244.128.91', 'Mozilla/5.0 (X11; Linux x86_64) AppleWebKit/537.36 (KHTML, like Gecko) Chrome/127.0.0.0 Safari/537.36', 'YTo2OntzOjY6Il90b2tlbiI7czo0MDoiMnFsWTVCNnZCSzFKU2lOMEZIa1FscWk2RUsxQm8wMEFaU1I0VWNZViI7czozOiJ1cmwiO2E6MDp7fXM6OToiX3ByZXZpb3VzIjthOjE6e3M6MzoidXJsIjtzOjQwOiJodHRwczovL3BwaWQtYmF6bmFzamFiYXIuZ2lhZmF1emFuLm15LmlkIjt9czo2OiJfZmxhc2giO2E6Mjp7czozOiJvbGQiO2E6MDp7fXM6MzoibmV3IjthOjA6e319czo1MDoibG9naW5fd2ViXzU5YmEzNmFkZGMyYjJmOTQwMTU4MGYwMTRjN2Y1OGVhNGUzMDk4OWQiO3M6MzY6IjljYmQ5YjcwLTAwYWEtNDc2My1hMWM3LTE3MTViNmUxOGI3MyI7czo0OiJhdXRoIjthOjE6e3M6MjE6InBhc3N3b3JkX2NvbmZpcm1lZF9hdCI7aToxNzIzNjQ0MDU4O319', 1723644353);

--
-- Dumping data untuk tabel `setting`
--

INSERT INTO `setting` (`id`, `key`, `value`, `created_at`, `updated_at`) VALUES
('9cbd9b70-0dc5-49bb-a012-0928a0d6be51', 'informasi_kantor', '{\"nama_kantor\":\"PPID BAZNAS JABAR\",\"alamat_kantor\":\"Jl. Soekarno Hatta No.458, Batununggal, Kec. Bandung Kidul, Kota Bandung, Jawa Barat 40266\",\"telepon_kantor\":\"02287315606\",\"email_kantor\":\"baznasprov.jabar@baznas.go.id\",\"website_kantor\":null,\"deskripsi_kantor\":null}', '2024-08-11 06:08:25', '2024-08-13 20:51:25'),
('9cbd9b70-0e8f-4a6f-9182-8a6356c7182c', 'embed_map', '<iframe src=\"https://www.google.com/maps/embed?pb=!1m18!1m12!1m3!1d3960.5019171098693!2d107.62300777499684!3d-6.949966293050279!2m3!1f0!2f0!3f0!3m2!1i1024!2i768!4f13.1!3m3!1m2!1s0x2e68e7b3c42c14c7%3A0x389214b28df6157b!2sBAZNAS%20Provinsi%20Jawa%20Barat!5e0!3m2!1sid!2sid!4v1723359887611!5m2!1sid!2sid\" width=\"600\" height=\"450\" style=\"border:0;\" allowfullscreen=\"\" loading=\"lazy\" referrerpolicy=\"no-referrer-when-downgrade\"></iframe>', '2024-08-11 06:08:25', '2024-08-11 06:19:46');

--
-- Dumping data untuk tabel `slide_landings`
--

INSERT INTO `slide_landings` (`id`, `image_url`, `url`, `posting_at`, `created_at`, `updated_at`) VALUES
('9cbd9ca6-7518-452f-b568-fe3ad2b80554', '/storage/slider/1723381909.jpg', 'https://www.baznasjabar.org/', '2024-08-10 17:00:00', '2024-08-11 06:11:49', '2024-08-11 06:11:49'),
('9cbd9cbb-d762-4c01-a2de-f174ec99fdee', '/storage/slider/1723381923.jpg', 'https://www.baznasjabar.org/', '2024-08-10 17:00:00', '2024-08-11 06:12:03', '2024-08-11 06:12:03'),
('9cc0d7db-4efa-458d-bcef-39f58ff2cf6f', '/storage/slider/1723520691.jpg', 'http://127.0.0.1:8000/', '2024-08-12 17:00:00', '2024-08-12 20:44:51', '2024-08-12 20:44:51'),
('9cc0d80f-f5d4-4d74-ae78-69461bfe510e', '/storage/slider/1723520725.jpg', 'http://127.0.0.1:8000/', '2024-08-12 17:00:00', '2024-08-12 20:45:25', '2024-08-12 20:45:25');

--
-- Dumping data untuk tabel `tender`
--

INSERT INTO `tender` (`id`, `nama`, `desc`, `status`, `url`, `gambar`, `tanggal_mulai`, `tanggal_selesai`, `created_at`, `updated_at`) VALUES
('9cc1ef78-6320-4bdd-bc65-59ef4d43c267', 'Pengadaan Sembako Ramadan Baznas', NULL, 'open', 'https://docs.google.com/forms/d/e/1FAIpQLSfB8rQbtDxkjFJZlzi45CUGBUDkgb_mQOMirmH8hF3PcCDN5Q/viewform', 'storage/tender/vv3ePJ26R4enMAybnJYWQFQu5uy80LN6BUFvaWAp.jpg', '2024-08-13', '2024-08-31', '2024-08-13 09:46:42', '2024-08-13 09:46:42'),
('9cc1efd1-7eb6-4e8e-bf10-e109575ec138', 'Pengadaan Hewan Kurban', NULL, 'close', 'https://docs.google.com/forms/d/e/1FAIpQLSeIC58S5wWxTrmWZVIWcfD94Akr-u7jcGwP0Yru3lAv1L5qbQ/closedform', 'storage/tender/DWi2vfS4vA5QsZJD1P94FY9jUBSUILWugg3PkqkK.jpg', '2024-08-13', '2024-08-30', '2024-08-13 09:47:41', '2024-08-13 19:11:48');

--
-- Dumping data untuk tabel `users`
--

INSERT INTO `users` (`id`, `name`, `email`, `email_verified_at`, `password`, `remember_token`, `created_at`, `updated_at`) VALUES
('9cbd9b70-00aa-4763-a1c7-1715b6e18b73', 'Admin', 'admin@baznasjabar.org', NULL, '$2y$12$52hZj5zOfQ.ZBDBWaV7V/eVBLO84c35dlIIHdCxKoe88X56P3Yp56', NULL, '2024-08-11 06:08:25', '2024-08-11 06:08:25');
--
-- Dumping data untuk tabel `videos`
--

INSERT INTO `videos` (`id`, `title`, `description`, `video_url`, `created_at`, `updated_at`) VALUES
('9cbd9e7f-5fc0-473f-b44d-bbf5412d5f4f', 'Kegiatan Baznas jabar', '-', 'https://www.youtube.com/watch?v=98XbYdcONvA', '2024-08-11 06:16:59', '2024-08-11 23:33:52'),
('9cbd9ea6-144b-42a5-a6c2-77abf4e34b69', 'Profile Baznas jabar', '-', 'https://www.youtube.com/watch?v=UuqxquulHro', '2024-08-11 06:17:24', '2024-08-11 23:34:39'),
('9cbf120c-71fe-42fb-9c84-73862fd887be', 'BAZNAS Award 2024', 'Penghargaan Prestasi Pengelola Zakat Tingkat Jawa Barat', 'https://www.youtube.com/watch?v=ruUp96aOwME&t=1119s', '2024-08-11 23:35:54', '2024-08-11 23:36:33');
COMMIT;

/*!40101 SET CHARACTER_SET_CLIENT=@OLD_CHARACTER_SET_CLIENT */;
/*!40101 SET CHARACTER_SET_RESULTS=@OLD_CHARACTER_SET_RESULTS */;
/*!40101 SET COLLATION_CONNECTION=@OLD_COLLATION_CONNECTION */;